"1[0]","1[1]"
"1[1]","1[2]"
"2[1]","2[2]","2[1,1]","1[3]","2[2,1]","1[3,1]"
"2[1]","3[2]","5[1,1]","4[3]","7[2,1]","3[1,1,1]","1[4]","6[3,1]","2[2,2]","4[2,1,1]","2[4,1]","2[3,2]","2[3,1,1]","1[2,2,1]","1[4,1,1]","1[3,3]"
"2[1]","6[2]","6[1,1]","8[3]","16[2,1]","9[1,1,1]","6[4]","19[3,1]","12[2,2]","17[2,1,1]","5[1,1,1,1]","2[5]","12[4,1]","14[3,2]","16[3,1,1]","10[2,2,1]","7[2,1,1,1]","3[5,1]","7[4,2]","8[4,1,1]","4[3,3]","9[3,2,1]","5[3,1,1,1]","2[2,2,2]","2[2,2,1,1]","1[5,2]","2[5,1,1]","2[4,3]","3[4,2,1]","2[4,1,1,1]","2[3,3,1]","1[3,2,2]","1[3,2,1,1]","1[5,1,1,1]","1[4,3,1]"
"2[1]","9[2]","7[1,1]","14[3]","30[2,1]","15[1,1,1]","17[4]","46[3,1]","34[2,2]","45[2,1,1]","17[1,1,1,1]","10[5]","43[4,1]","53[3,2]","62[3,1,1]","47[2,2,1]","36[2,1,1,1]","7[1,1,1,1,1]","3[6]","22[5,1]","45[4,2]","44[4,1,1]","20[3,3]","66[3,2,1]","39[3,1,1,1]","18[2,2,2]","25[2,2,1,1]","12[2,1,1,1,1]","5[6,1]","17[5,2]","19[5,1,1]","19[4,3]","41[4,2,1]","23[4,1,1,1]","23[3,3,1]","19[3,2,2]","28[3,2,1,1]","9[3,1,1,1,1]","7[2,2,2,1]","5[2,2,1,1,1]","3[6,2]","3[6,1,1]","5[5,3]","12[5,2,1]","9[5,1,1,1]","5[4,4]","14[4,3,1]","10[4,2,2]","12[4,2,1,1]","5[4,1,1,1,1]","5[3,3,2]","8[3,3,1,1]","5[3,2,2,1]","3[3,2,1,1,1]","1[2,2,2,2]","1[6,2,1]","2[6,1,1,1]","1[5,4]","3[5,3,1]","1[5,2,2]","3[5,2,1,1]","2[5,1,1,1,1]","2[4,4,1]","3[4,3,2]","3[4,3,1,1]","1[4,2,2,1]","1[4,2,1,1,1]","1[3,3,2,1]","1[6,1,1,1,1]","1[5,3,1,1]","1[4,4,2]"
"2[1]","10[2]","10[1,1]","24[3]","47[2,1]","23[1,1,1]","33[4]","97[3,1]","66[2,2]","97[2,1,1]","32[1,1,1,1]","29[5]","118[4,1]","147[3,2]","171[3,1,1]","142[2,2,1]","109[2,1,1,1]","28[1,1,1,1,1]","16[6]","89[5,1]","164[4,2]","175[4,1,1]","89[3,3]","269[3,2,1]","161[3,1,1,1]","78[2,2,2]","133[2,2,1,1]","68[2,1,1,1,1]","11[1,1,1,1,1,1]","4[7]","39[6,1]","105[5,2]","108[5,1,1]","106[4,3]","249[4,2,1]","135[4,1,1,1]","140[3,3,1]","132[3,2,2]","207[3,2,1,1]","80[3,1,1,1,1]","68[2,2,2,1]","58[2,2,1,1,1]","19[2,1,1,1,1,1]","8[7,1]","36[6,2]","38[6,1,1]","59[5,3]","127[5,2,1]","68[5,1,1,1]","33[4,4]","135[4,3,1]","101[4,2,2]","152[4,2,1,1]","55[4,1,1,1,1]","69[3,3,2]","85[3,3,1,1]","90[3,2,2,1]","70[3,2,1,1,1]","17[3,1,1,1,1,1]","12[2,2,2,2]","20[2,2,2,1,1]","9[2,2,1,1,1,1]","5[7,2]","6[7,1,1]","15[6,3]","32[6,2,1]","22[6,1,1,1]","17[5,4]","57[5,3,1]","39[5,2,2]","61[5,2,1,1]","25[5,1,1,1,1]","34[4,4,1]","53[4,3,2]","63[4,3,1,1]","51[4,2,2,1]","39[4,2,1,1,1]","10[4,1,1,1,1,1]","11[3,3,3]","34[3,3,2,1]","21[3,3,1,1,1]","12[3,2,2,2]","18[3,2,2,1,1]","7[3,2,1,1,1,1]","2[2,2,2,2,1]","1[2,2,2,1,1,1]","1[7,3]","3[7,2,1]","3[7,1,1,1]","3[6,4]","9[6,3,1]","6[6,2,2]","13[6,2,1,1]","9[6,1,1,1,1]","2[5,5]","13[5,4,1]","16[5,3,2]","20[5,3,1,1]","14[5,2,2,1]","13[5,2,1,1,1]","5[5,1,1,1,1,1]","12[4,4,2]","11[4,4,1,1]","6[4,3,3]","19[4,3,2,1]","11[4,3,1,1,1]","4[4,2,2,2]","6[4,2,2,1,1]","3[4,2,1,1,1,1]","3[3,3,3,1]","3[3,3,2,2]","4[3,3,2,1,1]","1[3,3,1,1,1,1]","1[3,2,2,2,1]","1[7,2,1,1]","2[7,1,1,1,1]","1[6,4,1]","1[6,3,2]","3[6,3,1,1]","1[6,2,2,1]","3[6,2,1,1,1]","2[6,1,1,1,1,1]","1[5,5,1]","3[5,4,2]","3[5,4,1,1]","1[5,3,3]","4[5,3,2,1]","3[5,3,1,1,1]","1[5,2,2,1,1]","1[5,2,1,1,1,1]","2[4,4,3]","3[4,4,2,1]","1[4,4,1,1,1]","1[4,3,3,1]","1[4,3,2,2]","1[4,3,2,1,1]","1[7,1,1,1,1,1]","1[6,3,1,1,1]","1[5,4,2,1]","1[4,4,4]"
"2[1]","11[2]","13[1,1]","35[3]","68[2,1]","34[1,1,1]","57[4]","178[3,1]","113[2,2]","177[2,1,1]","55[1,1,1,1]","67[5]","267[4,1]","334[3,2]","393[3,1,1]","328[2,2,1]","257[2,1,1,1]","64[1,1,1,1,1]","49[6]","265[5,1]","471[4,2]","523[4,1,1]","271[3,3]","815[3,2,1]","490[3,1,1,1]","241[2,2,2]","440[2,2,1,1]","229[2,1,1,1,1]","47[1,1,1,1,1,1]","24[7]","169[6,1]","417[5,2]","435[5,1,1]","419[4,3]","1003[4,2,1]","551[4,1,1,1]","585[3,3,1]","565[3,2,2]","911[3,2,1,1]","368[3,1,1,1,1]","335[2,2,2,1]","313[2,2,1,1,1]","122[2,1,1,1,1,1]","15[1,1,1,1,1,1,1]","5[8]","66[7,1]","221[6,2]","234[6,1,1]","340[5,3]","731[5,2,1]","384[5,1,1,1]","164[4,4]","788[4,3,1]","594[4,2,2]","939[4,2,1,1]","337[4,1,1,1,1]","436[3,3,2]","537[3,3,1,1]","637[3,2,2,1]","537[3,2,1,1,1]","156[3,1,1,1,1,1]","100[2,2,2,2]","197[2,2,2,1,1]","114[2,2,1,1,1,1]","30[2,1,1,1,1,1,1]","12[8,1]","68[7,2]","72[7,1,1]","151[6,3]","317[6,2,1]","171[6,1,1,1]","145[5,4]","512[5,3,1]","363[5,2,2]","556[5,2,1,1]","200[5,1,1,1,1]","272[4,4,1]","488[4,3,2]","596[4,3,1,1]","549[4,2,2,1]","443[4,2,1,1,1]","118[4,1,1,1,1,1]","111[3,3,3]","389[3,3,2,1]","251[3,3,1,1,1]","164[3,2,2,2]","289[3,2,2,1,1]","155[3,2,1,1,1,1]","28[3,1,1,1,1,1,1]","52[2,2,2,2,1]","47[2,2,2,1,1,1]","17[2,2,1,1,1,1,1]","8[8,2]","11[8,1,1]","35[7,3]","73[7,2,1]","45[7,1,1,1]","52[6,4]","177[6,3,1]","117[6,2,2]","198[6,2,1,1]","78[6,1,1,1,1]","32[5,5]","183[5,4,1]","257[5,3,2]","304[5,3,1,1]","261[5,2,2,1]","216[5,2,1,1,1]","63[5,1,1,1,1,1]","143[4,4,2]","170[4,4,1,1]","111[4,3,3]","348[4,3,2,1]","213[4,3,1,1,1]","106[4,2,2,2]","194[4,2,2,1,1]","99[4,2,1,1,1,1]","19[4,1,1,1,1,1,1]","76[3,3,3,1]","86[3,3,2,2]","128[3,3,2,1,1]","54[3,3,1,1,1,1]","59[3,2,2,2,1]","49[3,2,2,1,1,1]","15[3,2,1,1,1,1,1]","3[2,2,2,2,2]","8[2,2,2,2,1,1]","2[2,2,2,1,1,1,1]","3[8,3]","6[8,2,1]","6[8,1,1,1]","8[7,4]","27[7,3,1]","18[7,2,2]","37[7,2,1,1]","22[7,1,1,1,1]","10[6,5]","49[6,4,1]","62[6,3,2]","82[6,3,1,1]","66[6,2,2,1]","67[6,2,1,1,1]","26[6,1,1,1,1,1]","28[5,5,1]","78[5,4,2]","86[5,4,1,1]","44[5,3,3]","137[5,3,2,1]","88[5,3,1,1,1]","38[5,2,2,2]","69[5,2,2,1,1]","42[5,2,1,1,1,1]","10[5,1,1,1,1,1,1]","35[4,4,3]","83[4,4,2,1]","43[4,4,1,1,1]","57[4,3,3,1]","54[4,3,2,2]","85[4,3,2,1,1]","33[4,3,1,1,1,1]","27[4,2,2,2,1]","22[4,2,2,1,1,1]","8[4,2,1,1,1,1,1]","14[3,3,3,2]","16[3,3,3,1,1]","19[3,3,2,2,1]","14[3,3,2,1,1,1]","2[3,3,1,1,1,1,1]","3[3,2,2,2,2]","4[3,2,2,2,1,1]","1[3,2,2,1,1,1,1]","1[8,3,1]","3[8,2,1,1]","3[8,1,1,1,1]","1[7,5]","4[7,4,1]","5[7,3,2]","9[7,3,1,1]","7[7,2,2,1]","13[7,2,1,1,1]","9[7,1,1,1,1,1]","6[6,5,1]","12[6,4,2]","18[6,4,1,1]","7[6,3,3]","24[6,3,2,1]","21[6,3,1,1,1]","4[6,2,2,2]","15[6,2,2,1,1]","13[6,2,1,1,1,1]","5[6,1,1,1,1,1,1]","11[5,5,2]","8[5,5,1,1]","14[5,4,3]","33[5,4,2,1]","17[5,4,1,1,1]","15[5,3,3,1]","16[5,3,2,2]","24[5,3,2,1,1]","12[5,3,1,1,1,1]","5[5,2,2,2,1]","6[5,2,2,1,1,1]","3[5,2,1,1,1,1,1]","4[4,4,4]","15[4,4,3,1]","8[4,4,2,2]","15[4,4,2,1,1]","3[4,4,1,1,1,1]","7[4,3,3,2]","7[4,3,3,1,1]","8[4,3,2,2,1]","5[4,3,2,1,1,1]","1[4,3,1,1,1,1,1]","1[4,2,2,2,1,1]","1[3,3,3,2,1]","1[3,3,3,1,1,1]","1[3,3,2,2,2]","1[8,2,1,1,1]","2[8,1,1,1,1,1]","1[7,4,1,1]","1[7,3,2,1]","3[7,3,1,1,1]","1[7,2,2,1,1]","3[7,2,1,1,1,1]","2[7,1,1,1,1,1,1]","1[6,5,2]","1[6,5,1,1]","1[6,4,3]","4[6,4,2,1]","3[6,4,1,1,1]","1[6,3,3,1]","1[6,3,2,2]","4[6,3,2,1,1]","3[6,3,1,1,1,1]","1[6,2,2,1,1,1]","1[6,2,1,1,1,1,1]","1[5,5,3]","3[5,5,2,1]","1[5,5,1,1,1]","2[5,4,4]","4[5,4,3,1]","3[5,4,2,2]","4[5,4,2,1,1]","1[5,4,1,1,1,1]","1[5,3,3,2]","1[5,3,3,1,1]","1[5,3,2,2,1]","1[5,3,2,1,1,1]","2[4,4,4,1]","1[4,4,3,2]","1[4,4,3,1,1]","1[4,4,2,2,1]","1[8,1,1,1,1,1,1]","1[7,3,1,1,1,1]","1[6,4,2,1,1]","1[5,5,2,2]","1[5,4,4,1]"
"2[1]","14[2]","14[1,1]","46[3]","94[2,1]","47[1,1,1]","96[4]","288[3,1]","190[2,2]","287[2,1,1]","94[1,1,1,1]","132[5]","529[4,1]","660[3,2]","789[3,1,1]","651[2,2,1]","517[2,1,1,1]","125[1,1,1,1,1]","125[6]","647[5,1]","1162[4,2]","1280[4,1,1]","648[3,3]","2028[3,2,1]","1240[3,1,1,1]","618[2,2,2]","1108[2,2,1,1]","599[2,1,1,1,1]","117[1,1,1,1,1,1]","83[7]","540[6,1]","1289[5,2]","1364[5,1,1]","1295[4,3]","3143[4,2,1]","1752[4,1,1,1]","1871[3,3,1]","1820[3,2,2]","2981[3,2,1,1]","1224[3,1,1,1,1]","1145[2,2,2,1]","1113[2,2,1,1,1]","451[2,1,1,1,1,1]","73[1,1,1,1,1,1,1]","35[8]","302[7,1]","939[6,2]","977[6,1,1]","1361[5,3]","3005[5,2,1]","1600[5,1,1,1]","679[4,4]","3256[4,3,1]","2521[4,2,2]","3974[4,2,1,1]","1469[4,1,1,1,1]","1853[3,3,2]","2391[3,3,1,1]","2878[3,2,2,1]","2516[3,2,1,1,1]","765[3,1,1,1,1,1]","521[2,2,2,2]","1010[2,2,2,1,1]","666[2,2,1,1,1,1]","207[2,1,1,1,1,1,1]","22[1,1,1,1,1,1,1,1]","7[9]","105[8,1]","441[7,2]","457[7,1,1]","870[6,3]","1845[6,2,1]","966[6,1,1,1]","795[5,4]","2903[5,3,1]","2074[5,2,2]","3205[5,2,1,1]","1135[5,1,1,1,1]","1497[4,4,1]","2839[4,3,2]","3529[4,3,1,1]","3368[4,2,2,1]","2808[4,2,1,1,1]","764[4,1,1,1,1,1]","671[3,3,3]","2492[3,3,2,1]","1659[3,3,1,1,1]","1134[3,2,2,2]","2096[3,2,2,1,1]","1232[3,2,1,1,1,1]","281[3,1,1,1,1,1,1]","451[2,2,2,2,1]","468[2,2,2,1,1,1]","216[2,2,1,1,1,1,1]","45[2,1,1,1,1,1,1,1]","17[9,1]","120[8,2]","129[8,1,1]","336[7,3]","703[7,2,1]","381[7,1,1,1]","457[6,4]","1527[6,3,1]","1049[6,2,2]","1633[6,2,1,1]","583[6,1,1,1,1]","230[5,5]","1454[5,4,1]","2132[5,3,2]","2603[5,3,1,1]","2290[5,2,2,1]","1882[5,2,1,1,1]","501[5,1,1,1,1,1]","1185[4,4,2]","1366[4,4,1,1]","943[4,3,3]","3161[4,3,2,1]","2013[4,3,1,1,1]","1106[4,2,2,2]","2006[4,2,2,1,1]","1120[4,2,1,1,1,1]","233[4,1,1,1,1,1,1]","779[3,3,3,1]","866[3,3,2,2]","1446[3,3,2,1,1]","635[3,3,1,1,1,1]","787[3,2,2,2,1]","768[3,2,2,1,1,1]","314[3,2,1,1,1,1,1]","47[3,1,1,1,1,1,1,1]","80[2,2,2,2,2]","156[2,2,2,2,1,1]","100[2,2,2,1,1,1,1]","28[2,2,1,1,1,1,1,1]","14[9,2]","17[9,1,1]","70[8,3]","148[8,2,1]","90[8,1,1,1]","142[7,4]","460[7,3,1]","310[7,2,2]","510[7,2,1,1]","203[7,1,1,1,1]","136[6,5]","668[6,4,1]","894[6,3,2]","1105[6,3,1,1]","939[6,2,2,1]","805[6,2,1,1,1]","234[6,1,1,1,1,1]","346[5,5,1]","952[5,4,2]","1071[5,4,1,1]","596[5,3,3]","1914[5,3,2,1]","1206[5,3,1,1,1]","607[5,2,2,2]","1102[5,2,2,1,1]","626[5,2,1,1,1,1]","137[5,1,1,1,1,1,1]","418[4,4,3]","1084[4,4,2,1]","626[4,4,1,1,1]","878[4,3,3,1]","890[4,3,2,2]","1461[4,3,2,1,1]","611[4,3,1,1,1,1]","601[4,2,2,2,1]","575[4,2,2,1,1,1]","228[4,2,1,1,1,1,1]","33[4,1,1,1,1,1,1,1]","267[3,3,3,2]","343[3,3,3,1,1]","458[3,3,2,2,1]","392[3,3,2,1,1,1]","118[3,3,1,1,1,1,1]","108[3,2,2,2,2]","201[3,2,2,2,1,1]","119[3,2,2,1,1,1,1]","29[3,2,1,1,1,1,1,1]","20[2,2,2,2,2,1]","19[2,2,2,2,1,1,1]","5[2,2,2,1,1,1,1,1]","5[9,3]","12[9,2,1]","11[9,1,1,1]","21[8,4]","68[8,3,1]","43[8,2,2]","88[8,2,1,1]","46[8,1,1,1,1]","33[7,5]","151[7,4,1]","195[7,3,2]","263[7,3,1,1]","216[7,2,2,1]","223[7,2,1,1,1]","81[7,1,1,1,1,1]","16[6,6]","157[6,5,1]","333[6,4,2]","388[6,4,1,1]","193[6,3,3]","627[6,3,2,1]","420[6,3,1,1,1]","187[6,2,2,2]","370[6,2,2,1,1]","241[6,2,1,1,1,1]","65[6,1,1,1,1,1,1]","190[5,5,2]","200[5,5,1,1]","280[5,4,3]","686[5,4,2,1]","391[5,4,1,1,1]","432[5,3,3,1]","420[5,3,2,2]","694[5,3,2,1,1]","298[5,3,1,1,1,1]","252[5,2,2,2,1]","253[5,2,2,1,1,1]","111[5,2,1,1,1,1,1]","20[5,1,1,1,1,1,1,1]","58[4,4,4]","316[4,4,3,1]","246[4,4,2,2]","391[4,4,2,1,1]","140[4,4,1,1,1,1]","235[4,3,3,2]","292[4,3,3,1,1]","354[4,3,2,2,1]","298[4,3,2,1,1,1]","87[4,3,1,1,1,1,1]","59[4,2,2,2,2]","110[4,2,2,2,1,1]","64[4,2,2,1,1,1,1]","17[4,2,1,1,1,1,1,1]","25[3,3,3,3]","98[3,3,3,2,1]","60[3,3,3,1,1,1]","46[3,3,2,2,2]","78[3,3,2,2,1,1]","39[3,3,2,1,1,1,1]","6[3,3,1,1,1,1,1,1]","17[3,2,2,2,2,1]","14[3,2,2,2,1,1,1]","3[3,2,2,1,1,1,1,1]","1[2,2,2,2,2,1,1]","1[9,4]","3[9,3,1]","1[9,2,2]","6[9,2,1,1]","6[9,1,1,1,1]","3[8,5]","13[8,4,1]","16[8,3,2]","29[8,3,1,1]","23[8,2,2,1]","37[8,2,1,1,1]","22[8,1,1,1,1,1]","3[7,6]","25[7,5,1]","49[7,4,2]","66[7,4,1,1]","27[7,3,3]","100[7,3,2,1]","88[7,3,1,1,1]","28[7,2,2,2]","73[7,2,2,1,1]","68[7,2,1,1,1,1]","26[7,1,1,1,1,1,1]","14[6,6,1]","61[6,5,2]","67[6,5,1,1]","71[6,4,3]","184[6,4,2,1]","115[6,4,1,1,1]","101[6,3,3,1]","98[6,3,2,2]","181[6,3,2,1,1]","95[6,3,1,1,1,1]","58[6,2,2,2,1]","73[6,2,2,1,1,1]","43[6,2,1,1,1,1,1]","10[6,1,1,1,1,1,1,1]","49[5,5,3]","107[5,5,2,1]","54[5,5,1,1,1]","37[5,4,4]","161[5,4,3,1]","122[5,4,2,2]","190[5,4,2,1,1]","69[5,4,1,1,1,1]","84[5,3,3,2]","106[5,3,3,1,1]","123[5,3,2,2,1]","109[5,3,2,1,1,1]","36[5,3,1,1,1,1,1]","16[5,2,2,2,2]","32[5,2,2,2,1,1]","23[5,2,2,1,1,1,1]","8[5,2,1,1,1,1,1,1]","39[4,4,4,1]","66[4,4,3,2]","80[4,4,3,1,1]","72[4,4,2,2,1]","55[4,4,2,1,1,1]","12[4,4,1,1,1,1,1]","17[4,3,3,3]","58[4,3,3,2,1]","35[4,3,3,1,1,1]","24[4,3,2,2,2]","40[4,3,2,2,1,1]","19[4,3,2,1,1,1,1]","3[4,3,1,1,1,1,1,1]","5[4,2,2,2,2,1]","4[4,2,2,2,1,1,1]","1[4,2,2,1,1,1,1,1]","5[3,3,3,3,1]","6[3,3,3,2,2]","8[3,3,3,2,1,1]","3[3,3,3,1,1,1,1]","4[3,3,2,2,2,1]","2[3,3,2,2,1,1,1]","1[9,3,1,1]","3[9,2,1,1,1]","3[9,1,1,1,1,1]","1[8,5,1]","1[8,4,2]","4[8,4,1,1]","1[8,3,3]","5[8,3,2,1]","9[8,3,1,1,1]","1[8,2,2,2]","7[8,2,2,1,1]","13[8,2,1,1,1,1]","9[8,1,1,1,1,1,1]","1[7,6,1]","5[7,5,2]","7[7,5,1,1]","5[7,4,3]","18[7,4,2,1]","18[7,4,1,1,1]","9[7,3,3,1]","8[7,3,2,2]","25[7,3,2,1,1]","21[7,3,1,1,1,1]","5[7,2,2,2,1]","15[7,2,2,1,1,1]","13[7,2,1,1,1,1,1]","5[7,1,1,1,1,1,1,1]","3[6,6,2]","4[6,6,1,1]","10[6,5,3]","25[6,5,2,1]","13[6,5,1,1,1]","6[6,4,4]","29[6,4,3,1]","22[6,4,2,2]","42[6,4,2,1,1]","18[6,4,1,1,1,1]","12[6,3,3,2]","17[6,3,3,1,1]","21[6,3,2,2,1]","25[6,3,2,1,1,1]","12[6,3,1,1,1,1,1]","1[6,2,2,2,2]","5[6,2,2,2,1,1]","6[6,2,2,1,1,1,1]","3[6,2,1,1,1,1,1,1]","8[5,5,4]","21[5,5,3,1]","17[5,5,2,2]","21[5,5,2,1,1]","6[5,5,1,1,1,1]","19[5,4,4,1]","25[5,4,3,2]","29[5,4,3,1,1]","26[5,4,2,2,1]","20[5,4,2,1,1,1]","4[5,4,1,1,1,1,1]","4[5,3,3,3]","13[5,3,3,2,1]","8[5,3,3,1,1,1]","5[5,3,2,2,2]","9[5,3,2,2,1,1]","5[5,3,2,1,1,1,1]","1[5,3,1,1,1,1,1,1]","1[5,2,2,2,1,1,1]","6[4,4,4,2]","9[4,4,4,1,1]","4[4,4,3,3]","11[4,4,3,2,1]","5[4,4,3,1,1,1]","3[4,4,2,2,2]","5[4,4,2,2,1,1]","1[4,4,2,1,1,1,1]","1[4,3,3,3,1]","2[4,3,3,2,2]","2[4,3,3,2,1,1]","1[4,3,3,1,1,1,1]","1[4,3,2,2,2,1]","1[9,2,1,1,1,1]","2[9,1,1,1,1,1,1]","1[8,4,1,1,1]","1[8,3,2,1,1]","3[8,3,1,1,1,1]","1[8,2,2,1,1,1]","3[8,2,1,1,1,1,1]","2[8,1,1,1,1,1,1,1]","1[7,5,2,1]","1[7,5,1,1,1]","1[7,4,3,1]","1[7,4,2,2]","4[7,4,2,1,1]","3[7,4,1,1,1,1]","1[7,3,3,1,1]","1[7,3,2,2,1]","4[7,3,2,1,1,1]","3[7,3,1,1,1,1,1]","1[7,2,2,1,1,1,1]","1[7,2,1,1,1,1,1,1]","1[6,6,2,1]","1[6,5,4]","2[6,5,3,1]","3[6,5,2,2]","4[6,5,2,1,1]","1[6,5,1,1,1,1]","3[6,4,4,1]","2[6,4,3,2]","4[6,4,3,1,1]","4[6,4,2,2,1]","4[6,4,2,1,1,1]","1[6,4,1,1,1,1,1]","1[6,3,3,2,1]","1[6,3,3,1,1,1]","1[6,3,2,2,1,1]","1[6,3,2,1,1,1,1]","3[5,5,4,1]","3[5,5,3,2]","2[5,5,3,1,1]","3[5,5,2,2,1]","1[5,5,2,1,1,1]","3[5,4,4,2]","3[5,4,4,1,1]","1[5,4,3,3]","2[5,4,3,2,1]","1[5,4,3,1,1,1]","1[5,4,2,2,2]","1[5,4,2,2,1,1]","1[4,4,4,2,1]","1[9,1,1,1,1,1,1,1]","1[8,3,1,1,1,1,1]","1[7,4,2,1,1,1]","1[6,5,2,2,1]","1[6,4,4,1,1]","1[5,5,4,2]"
"2[1]","17[2]","15[1,1]","61[3]","123[2,1]","62[1,1,1]","149[4]","435[3,1]","298[2,2]","435[2,1,1]","148[1,1,1,1]","236[5]","951[4,1]","1184[3,2]","1420[3,1,1]","1176[2,2,1]","935[2,1,1,1]","229[1,1,1,1,1]","278[6]","1383[5,1]","2509[4,2]","2749[4,1,1]","1374[3,3]","4382[3,2,1]","2716[3,1,1,1]","1364[2,2,2]","2404[2,2,1,1]","1324[2,1,1,1,1]","253[1,1,1,1,1,1]","227[7]","1425[6,1]","3363[5,2]","3574[5,1,1]","3370[4,3]","8272[4,2,1]","4648[4,1,1,1]","4942[3,3,1]","4859[3,2,2]","8010[3,2,1,1]","3340[3,1,1,1,1]","3129[2,2,2,1]","3077[2,2,1,1,1]","1275[2,1,1,1,1,1]","207[1,1,1,1,1,1,1]","135[8]","1033[7,1]","3104[6,2]","3209[6,1,1]","4385[5,3]","9834[5,2,1]","5282[5,1,1,1]","2226[4,4]","10683[4,3,1]","8403[4,2,2]","13250[4,2,1,1]","4999[4,1,1,1,1]","6189[3,3,2]","8156[3,3,1,1]","9906[3,2,2,1]","8815[3,2,1,1,1]","2744[3,1,1,1,1,1]","1898[2,2,2,2]","3680[2,2,2,1,1]","2544[2,2,1,1,1,1]","829[2,1,1,1,1,1,1]","114[1,1,1,1,1,1,1,1]","51[9]","516[8,1]","1953[7,2]","2014[7,1,1]","3665[6,3]","7829[6,2,1]","4106[6,1,1,1]","3273[5,4]","12176[5,3,1]","8807[5,2,2]","13659[5,2,1,1]","4882[5,1,1,1,1]","6289[4,4,1]","12142[4,3,2]","15278[4,3,1,1]","14824[4,2,2,1]","12557[4,2,1,1,1]","3506[4,1,1,1,1,1]","2938[3,3,3]","11218[3,3,2,1]","7686[3,3,1,1,1]","5313[3,2,2,2]","9979[3,2,2,1,1]","6108[3,2,1,1,1,1]","1491[3,1,1,1,1,1,1]","2347[2,2,2,2,1]","2558[2,2,2,1,1,1]","1310[2,2,1,1,1,1,1]","339[2,1,1,1,1,1,1,1]","30[1,1,1,1,1,1,1,1,1]","10[10]","161[9,1]","822[8,2]","840[8,1,1]","1992[7,3]","4186[7,2,1]","2194[7,1,1,1]","2580[6,4]","8642[6,3,1]","6043[6,2,2]","9258[6,2,1,1]","3262[6,1,1,1,1]","1217[5,5]","8039[5,4,1]","12041[5,3,2]","14882[5,3,1,1]","13295[5,2,2,1]","11000[5,2,1,1,1]","2921[5,1,1,1,1,1]","6726[4,4,2]","7732[4,4,1,1]","5398[4,3,3]","18776[4,3,2,1]","12261[4,3,1,1,1]","6905[4,2,2,2]","12609[4,2,2,1,1]","7330[4,2,1,1,1,1]","1585[4,1,1,1,1,1,1]","4850[3,3,3,1]","5499[3,3,2,2]","9513[3,3,2,1,1]","4361[3,3,1,1,1,1]","5563[3,2,2,2,1]","5722[3,2,2,1,1,1]","2591[3,2,1,1,1,1,1]","490[3,1,1,1,1,1,1,1]","684[2,2,2,2,2]","1358[2,2,2,2,1,1]","1019[2,2,2,1,1,1,1]","379[2,2,1,1,1,1,1,1]","67[2,1,1,1,1,1,1,1,1]","24[10,1]","203[9,2]","216[9,1,1]","685[8,3]","1435[8,2,1]","774[8,1,1,1]","1209[7,4]","3904[7,3,1]","2667[7,2,2]","4152[7,2,1,1]","1491[7,1,1,1,1]","1052[6,5]","5268[6,4,1]","7207[6,3,2]","8841[6,3,1,1]","7620[6,2,2,1]","6312[6,2,1,1,1]","1686[6,1,1,1,1,1]","2596[5,5,1]","7344[5,4,2]","8340[5,4,1,1]","4721[5,3,3]","15640[5,3,2,1]","9982[5,3,1,1,1]","5204[5,2,2,2]","9477[5,2,2,1,1]","5393[5,2,1,1,1,1]","1138[5,1,1,1,1,1,1]","3276[4,4,3]","8781[4,4,2,1]","5200[4,4,1,1,1]","7491[4,3,3,1]","7867[4,3,2,2]","13216[4,3,2,1,1]","5773[4,3,1,1,1,1]","5957[4,2,2,2,1]","5958[4,2,2,1,1,1]","2552[4,2,1,1,1,1,1]","434[4,1,1,1,1,1,1,1]","2514[3,3,3,2]","3399[3,3,3,1,1]","4737[3,3,2,2,1]","4348[3,3,2,1,1,1]","1457[3,3,1,1,1,1,1]","1322[3,2,2,2,2]","2609[3,2,2,2,1,1]","1804[3,2,2,1,1,1,1]","597[3,2,1,1,1,1,1,1]","73[3,1,1,1,1,1,1,1,1]","360[2,2,2,2,2,1]","393[2,2,2,2,1,1,1]","196[2,2,2,1,1,1,1,1]","47[2,2,1,1,1,1,1,1,1]","23[10,2]","25[10,1,1]","130[9,3]","278[9,2,1]","169[9,1,1,1]","336[8,4]","1058[8,3,1]","722[8,2,2]","1168[8,2,1,1]","466[8,1,1,1,1]","430[7,5]","1992[7,4,1]","2604[7,3,2]","3276[7,3,1,1]","2761[7,2,2,1]","2402[7,2,1,1,1]","694[7,1,1,1,1,1]","220[6,6]","1807[6,5,1]","3972[6,4,2]","4474[6,4,1,1]","2341[6,3,3]","7659[6,3,2,1]","4939[6,3,1,1,1]","2456[6,2,2,2]","4499[6,2,2,1,1]","2657[6,2,1,1,1,1]","593[6,1,1,1,1,1,1]","2035[5,5,2]","2254[5,5,1,1]","3107[5,4,3]","7945[5,4,2,1]","4600[5,4,1,1,1]","5376[5,3,3,1]","5390[5,3,2,2]","9030[5,3,2,1,1]","3877[5,3,1,1,1,1]","3676[5,2,2,2,1]","3684[5,2,2,1,1,1]","1590[5,2,1,1,1,1,1]","279[5,1,1,1,1,1,1,1]","673[4,4,4]","3766[4,4,3,1]","3158[4,4,2,2]","5028[4,4,2,1,1]","1984[4,4,1,1,1,1]","3227[4,3,3,2]","4274[4,3,3,1,1]","5443[4,3,2,2,1]","4865[4,3,2,1,1,1]","1541[4,3,1,1,1,1,1]","1151[4,2,2,2,2]","2210[4,2,2,2,1,1]","1501[4,2,2,1,1,1,1]","474[4,2,1,1,1,1,1,1]","57[4,1,1,1,1,1,1,1,1]","436[3,3,3,3]","1710[3,3,3,2,1]","1176[3,3,3,1,1,1]","903[3,3,2,2,2]","1714[3,3,2,2,1,1]","1023[3,3,2,1,1,1,1]","250[3,3,1,1,1,1,1,1]","539[3,2,2,2,2,1]","563[3,2,2,2,1,1,1]","258[3,2,2,1,1,1,1,1]","52[3,2,1,1,1,1,1,1,1]","38[2,2,2,2,2,2]","65[2,2,2,2,2,1,1]","45[2,2,2,2,1,1,1,1]","10[2,2,2,1,1,1,1,1,1]","9[10,3]","22[10,2,1]","18[10,1,1,1]","47[9,4]","148[9,3,1]","96[9,2,2]","186[9,2,1,1]","94[9,1,1,1,1]","92[8,5]","410[8,4,1]","522[8,3,2]","709[8,3,1,1]","588[8,2,2,1]","594[8,2,1,1,1]","211[8,1,1,1,1,1]","85[7,6]","576[7,5,1]","1150[7,4,2]","1349[7,4,1,1]","656[7,3,3]","2202[7,3,2,1]","1526[7,3,1,1,1]","687[7,2,2,2]","1366[7,2,2,1,1]","915[7,2,1,1,1,1]","245[7,1,1,1,1,1,1]","290[6,6,1]","1140[6,5,2]","1250[6,5,1,1]","1356[6,4,3]","3432[6,4,2,1]","2025[6,4,1,1,1]","2123[6,3,3,1]","2100[6,3,2,2]","3591[6,3,2,1,1]","1628[6,3,1,1,1,1]","1389[6,2,2,2,1]","1478[6,2,2,1,1,1]","708[6,2,1,1,1,1,1]","145[6,1,1,1,1,1,1,1]","787[5,5,3]","1814[5,5,2,1]","993[5,5,1,1,1]","571[5,4,4]","2898[5,4,3,1]","2301[5,4,2,2]","3678[5,4,2,1,1]","1416[5,4,1,1,1,1]","1857[5,3,3,2]","2433[5,3,3,1,1]","2973[5,3,2,2,1]","2671[5,3,2,1,1,1]","864[5,3,1,1,1,1,1]","548[5,2,2,2,2]","1084[5,2,2,2,1,1]","757[5,2,2,1,1,1,1]","261[5,2,1,1,1,1,1,1]","35[5,1,1,1,1,1,1,1,1]","635[4,4,4,1]","1362[4,4,3,2]","1715[4,4,3,1,1]","1711[4,4,2,2,1]","1445[4,4,2,1,1,1]","397[4,4,1,1,1,1,1]","451[4,3,3,3]","1713[4,3,3,2,1]","1146[4,3,3,1,1,1]","817[4,3,2,2,2]","1502[4,3,2,2,1,1]","883[4,3,2,1,1,1,1]","204[4,3,1,1,1,1,1,1]","345[4,2,2,2,2,1]","356[4,2,2,2,1,1,1]","161[4,2,2,1,1,1,1,1]","35[4,2,1,1,1,1,1,1,1]","221[3,3,3,3,1]","260[3,3,3,2,2]","433[3,3,3,2,1,1]","187[3,3,3,1,1,1,1]","267[3,3,2,2,2,1]","251[3,3,2,2,1,1,1]","98[3,3,2,1,1,1,1,1]","12[3,3,1,1,1,1,1,1,1]","35[3,2,2,2,2,2]","67[3,2,2,2,2,1,1]","39[3,2,2,2,1,1,1,1]","8[3,2,2,1,1,1,1,1,1]","3[2,2,2,2,2,2,1]","3[2,2,2,2,2,1,1,1]","3[10,4]","6[10,3,1]","4[10,2,2]","12[10,2,1,1]","11[10,1,1,1,1]","8[9,5]","37[9,4,1]","43[9,3,2]","78[9,3,1,1]","59[9,2,2,1]","89[9,2,1,1,1]","46[9,1,1,1,1,1]","14[8,6]","84[8,5,1]","161[8,4,2]","208[8,4,1,1]","86[8,3,3]","332[8,3,2,1]","288[8,3,1,1,1]","104[8,2,2,2]","247[8,2,2,1,1]","228[8,2,1,1,1,1]","81[8,1,1,1,1,1,1]","5[7,7]","82[7,6,1]","258[7,5,2]","307[7,5,1,1]","285[7,4,3]","763[7,4,2,1]","505[7,4,1,1,1]","450[7,3,3,1]","438[7,3,2,2]","846[7,3,2,1,1]","456[7,3,1,1,1,1]","311[7,2,2,2,1]","405[7,2,2,1,1,1]","247[7,2,1,1,1,1,1]","66[7,1,1,1,1,1,1,1]","147[6,6,2]","150[6,6,1,1]","339[6,5,3]","789[6,5,2,1]","442[6,5,1,1,1]","206[6,4,4]","979[6,4,3,1]","779[6,4,2,2]","1269[6,4,2,1,1]","528[6,4,1,1,1,1]","550[6,3,3,2]","756[6,3,3,1,1]","903[6,3,2,2,1]","885[6,3,2,1,1,1]","328[6,3,1,1,1,1,1]","157[6,2,2,2,2]","326[6,2,2,2,1,1]","273[6,2,2,1,1,1,1]","114[6,2,1,1,1,1,1,1]","20[6,1,1,1,1,1,1,1,1]","156[5,5,4]","598[5,5,3,1]","420[5,5,2,2]","669[5,5,2,1,1]","230[5,5,1,1,1,1]","440[5,4,4,1]","829[5,4,3,2]","1032[5,4,3,1,1]","987[5,4,2,2,1]","831[5,4,2,1,1,1]","230[5,4,1,1,1,1,1]","205[5,3,3,3]","745[5,3,3,2,1]","498[5,3,3,1,1,1]","331[5,3,2,2,2]","633[5,3,2,2,1,1]","385[5,3,2,1,1,1,1]","100[5,3,1,1,1,1,1,1]","119[5,2,2,2,2,1]","131[5,2,2,2,1,1,1]","68[5,2,2,1,1,1,1,1]","18[5,2,1,1,1,1,1,1,1]","203[4,4,4,2]","226[4,4,4,1,1]","158[4,4,3,3]","550[4,4,3,2,1]","347[4,4,3,1,1,1]","204[4,4,2,2,2]","341[4,4,2,2,1,1]","187[4,4,2,1,1,1,1]","33[4,4,1,1,1,1,1,1]","170[4,3,3,3,1]","188[4,3,3,2,2]","311[4,3,3,2,1,1]","128[4,3,3,1,1,1,1]","167[4,3,2,2,2,1]","155[4,3,2,2,1,1,1]","58[4,3,2,1,1,1,1,1]","8[4,3,1,1,1,1,1,1,1]","16[4,2,2,2,2,2]","25[4,2,2,2,2,1,1]","16[4,2,2,2,1,1,1,1]","3[4,2,2,1,1,1,1,1,1]","28[3,3,3,3,2]","30[3,3,3,3,1,1]","47[3,3,3,2,2,1]","35[3,3,3,2,1,1,1]","10[3,3,3,1,1,1,1,1]","9[3,3,2,2,2,2]","20[3,3,2,2,2,1,1]","7[3,3,2,2,1,1,1,1]","1[3,3,2,1,1,1,1,1,1]","1[3,2,2,2,2,2,1]","1[3,2,2,2,2,1,1,1]","1[10,4,1]","3[10,3,1,1]","1[10,2,2,1]","6[10,2,1,1,1]","6[10,1,1,1,1,1]","1[9,6]","4[9,5,1]","6[9,4,2]","13[9,4,1,1]","4[9,3,3]","18[9,3,2,1]","29[9,3,1,1,1]","5[9,2,2,2]","23[9,2,2,1,1]","37[9,2,1,1,1,1]","22[9,1,1,1,1,1,1]","7[8,6,1]","21[8,5,2]","31[8,5,1,1]","21[8,4,3]","73[8,4,2,1]","68[8,4,1,1,1]","41[8,3,3,1]","39[8,3,2,2]","107[8,3,2,1,1]","88[8,3,1,1,1,1]","35[8,2,2,2,1]","74[8,2,2,1,1,1]","68[8,2,1,1,1,1,1]","26[8,1,1,1,1,1,1,1]","4[7,7,1]","25[7,6,2]","30[7,6,1,1]","50[7,5,3]","131[7,5,2,1]","85[7,5,1,1,1]","29[7,4,4]","147[7,4,3,1]","118[7,4,2,2]","232[7,4,2,1,1]","122[7,4,1,1,1,1]","75[7,3,3,2]","123[7,3,3,1,1]","146[7,3,2,2,1]","190[7,3,2,1,1,1]","96[7,3,1,1,1,1,1]","20[7,2,2,2,2]","62[7,2,2,2,1,1]","74[7,2,2,1,1,1,1]","43[7,2,1,1,1,1,1,1]","10[7,1,1,1,1,1,1,1,1]","32[6,6,3]","73[6,6,2,1]","40[6,6,1,1,1]","52[6,5,4]","192[6,5,3,1]","144[6,5,2,2]","227[6,5,2,1,1]","83[6,5,1,1,1,1]","120[6,4,4,1]","205[6,4,3,2]","270[6,4,3,1,1]","258[6,4,2,2,1]","240[6,4,2,1,1,1]","76[6,4,1,1,1,1,1]","42[6,3,3,3]","160[6,3,3,2,1]","123[6,3,3,1,1,1]","72[6,3,2,2,2]","151[6,3,2,2,1,1]","114[6,3,2,1,1,1,1]","37[6,3,1,1,1,1,1,1]","21[6,2,2,2,2,1]","33[6,2,2,2,1,1,1]","23[6,2,2,1,1,1,1,1]","8[6,2,1,1,1,1,1,1,1]","16[5,5,5]","102[5,5,4,1]","139[5,5,3,2]","161[5,5,3,1,1]","146[5,5,2,2,1]","110[5,5,2,1,1,1]","26[5,5,1,1,1,1,1]","111[5,4,4,2]","125[5,4,4,1,1]","76[5,4,3,3]","251[5,4,3,2,1]","153[5,4,3,1,1,1]","85[5,4,2,2,2]","151[5,4,2,2,1,1]","80[5,4,2,1,1,1,1]","15[5,4,1,1,1,1,1,1]","51[5,3,3,3,1]","56[5,3,3,2,2]","93[5,3,3,2,1,1]","41[5,3,3,1,1,1,1]","47[5,3,2,2,2,1]","46[5,3,2,2,1,1,1]","20[5,3,2,1,1,1,1,1]","3[5,3,1,1,1,1,1,1,1]","2[5,2,2,2,2,2]","5[5,2,2,2,2,1,1]","4[5,2,2,2,1,1,1,1]","1[5,2,2,1,1,1,1,1,1]","24[4,4,4,3]","60[4,4,4,2,1]","35[4,4,4,1,1,1]","43[4,4,3,3,1]","44[4,4,3,2,2]","66[4,4,3,2,1,1]","23[4,4,3,1,1,1,1]","27[4,4,2,2,2,1]","22[4,4,2,2,1,1,1]","5[4,4,2,1,1,1,1,1]","1[4,4,1,1,1,1,1,1,1]","12[4,3,3,3,2]","14[4,3,3,3,1,1]","20[4,3,3,2,2,1]","14[4,3,3,2,1,1,1]","4[4,3,3,1,1,1,1,1]","4[4,3,2,2,2,2]","6[4,3,2,2,2,1,1]","2[4,3,2,2,1,1,1,1]","1[3,3,3,3,3]","1[3,3,3,3,2,1]","1[3,3,3,3,1,1,1]","1[3,3,3,2,2,2]","1[3,3,3,2,2,1,1]","1[10,3,1,1,1]","3[10,2,1,1,1,1]","3[10,1,1,1,1,1,1]","1[9,5,1,1]","1[9,4,2,1]","4[9,4,1,1,1]","1[9,3,3,1]","5[9,3,2,1,1]","9[9,3,1,1,1,1]","1[9,2,2,2,1]","7[9,2,2,1,1,1]","13[9,2,1,1,1,1,1]","9[9,1,1,1,1,1,1,1]","1[8,6,2]","1[8,6,1,1]","1[8,5,3]","6[8,5,2,1]","7[8,5,1,1,1]","1[8,4,4]","6[8,4,3,1]","6[8,4,2,2]","18[8,4,2,1,1]","18[8,4,1,1,1,1]","2[8,3,3,2]","9[8,3,3,1,1]","9[8,3,2,2,1]","25[8,3,2,1,1,1]","21[8,3,1,1,1,1,1]","1[8,2,2,2,2]","5[8,2,2,2,1,1]","15[8,2,2,1,1,1,1]","13[8,2,1,1,1,1,1,1]","5[8,1,1,1,1,1,1,1,1]","1[7,7,1,1]","2[7,6,3]","8[7,6,2,1]","5[7,6,1,1,1]","4[7,5,4]","18[7,5,3,1]","14[7,5,2,2]","31[7,5,2,1,1]","13[7,5,1,1,1,1]","11[7,4,4,1]","17[7,4,3,2]","32[7,4,3,1,1]","31[7,4,2,2,1]","43[7,4,2,1,1,1]","18[7,4,1,1,1,1,1]","3[7,3,3,3]","14[7,3,3,2,1]","17[7,3,3,1,1,1]","5[7,3,2,2,2]","22[7,3,2,2,1,1]","25[7,3,2,1,1,1,1]","12[7,3,1,1,1,1,1,1]","1[7,2,2,2,2,1]","5[7,2,2,2,1,1,1]","6[7,2,2,1,1,1,1,1]","3[7,2,1,1,1,1,1,1,1]","4[6,6,4]","11[6,6,3,1]","13[6,6,2,2]","14[6,6,2,1,1]","5[6,6,1,1,1,1]","3[6,5,5]","25[6,5,4,1]","31[6,5,3,2]","38[6,5,3,1,1]","40[6,5,2,2,1]","30[6,5,2,1,1,1]","7[6,5,1,1,1,1,1]","23[6,4,4,2]","27[6,4,4,1,1]","11[6,4,3,3]","44[6,4,3,2,1]","32[6,4,3,1,1,1]","18[6,4,2,2,2]","31[6,4,2,2,1,1]","21[6,4,2,1,1,1,1]","4[6,4,1,1,1,1,1,1]","6[6,3,3,3,1]","6[6,3,3,2,2]","14[6,3,3,2,1,1]","8[6,3,3,1,1,1,1]","6[6,3,2,2,2,1]","9[6,3,2,2,1,1,1]","5[6,3,2,1,1,1,1,1]","1[6,3,1,1,1,1,1,1,1]","1[6,2,2,2,1,1,1,1]","9[5,5,5,1]","22[5,5,4,2]","22[5,5,4,1,1]","13[5,5,3,3]","31[5,5,3,2,1]","14[5,5,3,1,1,1]","9[5,5,2,2,2]","18[5,5,2,2,1,1]","5[5,5,2,1,1,1,1]","1[5,5,1,1,1,1,1,1]","10[5,4,4,3]","26[5,4,4,2,1]","14[5,4,4,1,1,1]","13[5,4,3,3,1]","13[5,4,3,2,2]","19[5,4,3,2,1,1]","6[5,4,3,1,1,1,1]","8[5,4,2,2,2,1]","6[5,4,2,2,1,1,1]","1[5,4,2,1,1,1,1,1]","2[5,3,3,3,2]","1[5,3,3,3,1,1]","3[5,3,3,2,2,1]","2[5,3,3,2,1,1,1]","1[5,3,3,1,1,1,1,1]","1[5,3,2,2,2,1,1]","1[4,4,4,4]","4[4,4,4,3,1]","4[4,4,4,2,2]","4[4,4,4,2,1,1]","1[4,4,4,1,1,1,1]","1[4,4,3,3,2]","2[4,4,3,3,1,1]","2[4,4,3,2,2,1]","1[4,4,3,2,1,1,1]","1[4,4,2,2,2,2]","1[10,2,1,1,1,1,1]","2[10,1,1,1,1,1,1,1]","1[9,4,1,1,1,1]","1[9,3,2,1,1,1]","3[9,3,1,1,1,1,1]","1[9,2,2,1,1,1,1]","3[9,2,1,1,1,1,1,1]","2[9,1,1,1,1,1,1,1,1]","1[8,5,2,1,1]","1[8,5,1,1,1,1]","1[8,4,3,1,1]","1[8,4,2,2,1]","4[8,4,2,1,1,1]","3[8,4,1,1,1,1,1]","1[8,3,3,1,1,1]","1[8,3,2,2,1,1]","4[8,3,2,1,1,1,1]","3[8,3,1,1,1,1,1,1]","1[8,2,2,1,1,1,1,1]","1[8,2,1,1,1,1,1,1,1]","1[7,6,2,2]","1[7,6,2,1,1]","1[7,5,4,1]","1[7,5,3,2]","2[7,5,3,1,1]","4[7,5,2,2,1]","4[7,5,2,1,1,1]","1[7,5,1,1,1,1,1]","1[7,4,4,2]","3[7,4,4,1,1]","2[7,4,3,2,1]","4[7,4,3,1,1,1]","1[7,4,2,2,2]","4[7,4,2,2,1,1]","4[7,4,2,1,1,1,1]","1[7,4,1,1,1,1,1,1]","1[7,3,3,2,1,1]","1[7,3,3,1,1,1,1]","1[7,3,2,2,1,1,1]","1[7,3,2,1,1,1,1,1]","1[6,6,4,1]","1[6,6,3,2]","1[6,6,3,1,1]","3[6,6,2,2,1]","1[6,6,2,1,1,1]","1[6,5,5,1]","4[6,5,4,2]","4[6,5,4,1,1]","1[6,5,3,3]","5[6,5,3,2,1]","2[6,5,3,1,1,1]","3[6,5,2,2,2]","4[6,5,2,2,1,1]","1[6,5,2,1,1,1,1]","1[6,4,4,3]","4[6,4,4,2,1]","3[6,4,4,1,1,1]","1[6,4,3,3,1]","1[6,4,3,2,2]","2[6,4,3,2,1,1]","1[6,4,3,1,1,1,1]","1[6,4,2,2,2,1]","1[6,4,2,2,1,1,1]","2[5,5,5,2]","1[5,5,5,1,1]","3[5,5,4,3]","4[5,5,4,2,1]","1[5,5,4,1,1,1]","1[5,5,3,3,1]","1[5,5,3,2,2]","1[5,5,3,2,1,1]","1[5,5,2,2,2,1]","1[5,4,4,3,1]","1[5,4,4,2,2]","1[5,4,4,2,1,1]","1[10,1,1,1,1,1,1,1,1]","1[9,3,1,1,1,1,1,1]","1[8,4,2,1,1,1,1]","1[7,5,2,2,1,1]","1[7,4,4,1,1,1]","1[6,6,2,2,2]","1[6,5,4,2,1]","1[5,5,5,3]"
"2[1]","18[2]","18[1,1]","79[3]","156[2,1]","78[1,1,1]","212[4]","634[3,1]","425[2,2]","633[2,1,1]","212[1,1,1,1]","397[5]","1584[4,1]","1978[3,2]","2364[3,1,1]","1971[2,2,1]","1567[2,1,1,1]","390[1,1,1,1,1]","539[6]","2694[5,1]","4859[4,2]","5365[4,1,1]","2688[3,3]","8550[3,2,1]","5308[3,1,1,1]","2659[2,2,2]","4741[2,2,1,1]","2608[2,1,1,1,1]","510[1,1,1,1,1,1]","537[7]","3290[6,1]","7727[5,2]","8217[5,1,1]","7729[4,3]","19099[4,2,1]","10786[4,1,1,1]","11406[3,3,1]","11311[3,2,2]","18691[3,2,1,1]","7883[3,1,1,1,1]","7367[2,2,2,1]","7267[2,2,1,1,1]","3051[2,1,1,1,1,1]","490[1,1,1,1,1,1,1]","396[8]","2929[7,1]","8587[6,2]","8930[6,1,1]","12101[5,3]","27257[5,2,1]","14700[5,1,1,1]","6078[4,4]","29685[4,3,1]","23461[4,2,2]","37261[4,2,1,1]","14175[4,1,1,1,1]","17433[3,3,2]","23003[3,3,1,1]","28280[3,2,2,1]","25392[3,2,1,1,1]","8061[3,1,1,1,1,1]","5490[2,2,2,2]","10815[2,2,2,1,1]","7545[2,2,1,1,1,1]","2537[2,1,1,1,1,1,1]","348[1,1,1,1,1,1,1,1]","209[9]","1888[8,1]","6799[7,2]","6995[7,1,1]","12445[6,3]","26764[6,2,1]","14069[6,1,1,1]","11014[5,4]","41390[5,3,1]","30203[5,2,2]","46975[5,2,1,1]","16963[5,1,1,1,1]","21438[4,4,1]","41827[4,3,2]","52989[4,3,1,1]","51945[4,2,2,1]","44417[4,2,1,1,1]","12641[4,1,1,1,1,1]","10223[3,3,3]","39764[3,3,2,1]","27692[3,3,1,1,1]","19224[3,2,2,2]","36414[3,2,2,1,1]","22773[3,2,1,1,1,1]","5725[3,1,1,1,1,1,1]","8947[2,2,2,2,1]","9932[2,2,2,1,1,1]","5323[2,2,1,1,1,1,1]","1463[2,1,1,1,1,1,1,1]","170[1,1,1,1,1,1,1,1,1]","73[10]","851[9,1]","3810[8,2]","3896[8,1,1]","8777[7,3]","18433[7,2,1]","9579[7,1,1,1]","10948[6,4]","37204[6,3,1]","26150[6,2,2]","40185[6,2,1,1]","14143[6,1,1,1,1]","5165[5,5]","34283[5,4,1]","52075[5,3,2]","64590[5,3,1,1]","58442[5,2,2,1]","48679[5,2,1,1,1]","13116[5,1,1,1,1,1]","29021[4,4,2]","33838[4,4,1,1]","23637[4,3,3]","83581[4,3,2,1]","55394[4,3,1,1,1]","31363[4,2,2,2]","58007[4,2,2,1,1]","34334[4,2,1,1,1,1]","7685[4,1,1,1,1,1,1]","22036[3,3,3,1]","25612[3,3,2,2]","44692[3,3,2,1,1]","21218[3,3,1,1,1,1]","27103[3,2,2,2,1]","28533[3,2,2,1,1,1]","13541[3,2,1,1,1,1,1]","2749[3,1,1,1,1,1,1,1]","3570[2,2,2,2,2]","7401[2,2,2,2,1,1]","5807[2,2,2,1,1,1,1]","2440[2,2,1,1,1,1,1,1]","538[2,1,1,1,1,1,1,1,1]","42[1,1,1,1,1,1,1,1,1,1]","13[11]","243[10,1]","1441[9,2]","1481[9,1,1]","4220[8,3]","8776[8,2,1]","4581[8,1,1,1]","6927[7,4]","22475[7,3,1]","15479[7,2,2]","23759[7,2,1,1]","8325[7,1,1,1,1]","5799[6,5]","29371[6,4,1]","40695[6,3,2]","49938[6,3,1,1]","43507[6,2,2,1]","35851[6,2,1,1,1]","9460[6,1,1,1,1,1]","14175[5,5,1]","40925[5,4,2]","46791[5,4,1,1]","26609[5,3,3]","89773[5,3,2,1]","57986[5,3,1,1,1]","30636[5,2,2,2]","56009[5,2,2,1,1]","32234[5,2,1,1,1,1]","6851[5,1,1,1,1,1,1]","18488[4,4,3]","50583[4,4,2,1]","30394[4,4,1,1,1]","44058[4,3,3,1]","47222[4,3,2,2]","80412[4,3,2,1,1]","36147[4,3,1,1,1,1]","37764[4,2,2,2,1]","38584[4,2,2,1,1,1]","17252[4,2,1,1,1,1,1]","3105[4,1,1,1,1,1,1,1]","15627[3,3,3,2]","21611[3,3,3,1,1]","30904[3,3,2,2,1]","29349[3,3,2,1,1,1]","10376[3,3,1,1,1,1,1]","9310[3,2,2,2,2]","18828[3,2,2,2,1,1]","13835[3,2,2,1,1,1,1]","5106[3,2,1,1,1,1,1,1]","815[3,1,1,1,1,1,1,1,1]","3008[2,2,2,2,2,1]","3493[2,2,2,2,1,1,1]","2040[2,2,2,1,1,1,1,1]","647[2,2,1,1,1,1,1,1,1]","97[2,1,1,1,1,1,1,1,1,1]","34[11,1]","330[10,2]","346[10,1,1]","1314[9,3]","2739[9,2,1]","1472[9,1,1,1]","2835[8,4]","8995[8,3,1]","6142[8,2,2]","9539[8,2,1,1]","3442[8,1,1,1,1]","3399[7,5]","15632[7,4,1]","20723[7,3,2]","25480[7,3,1,1]","21770[7,2,2,1]","18108[7,2,1,1,1]","4865[7,1,1,1,1,1]","1603[6,6]","13481[6,5,1]","30002[6,4,2]","33956[6,4,1,1]","18003[6,3,3]","59407[6,3,2,1]","38076[6,3,1,1,1]","19392[6,2,2,2]","35382[6,2,2,1,1]","20341[6,2,1,1,1,1]","4313[6,1,1,1,1,1,1]","15058[5,5,2]","16605[5,5,1,1]","23256[5,4,3]","60754[5,4,2,1]","35623[5,4,1,1,1]","42125[5,3,3,1]","43370[5,3,2,2]","73029[5,3,2,1,1]","31981[5,3,1,1,1,1]","31133[5,2,2,2,1]","31439[5,2,2,1,1,1]","13748[5,2,1,1,1,1,1]","2386[5,1,1,1,1,1,1,1]","4995[4,4,4]","29584[4,4,3,1]","25210[4,4,2,2]","41081[4,4,2,1,1]","16593[4,4,1,1,1,1]","26952[4,3,3,2]","36384[4,3,3,1,1]","47874[4,3,2,2,1]","44121[4,3,2,1,1,1]","14722[4,3,1,1,1,1,1]","10960[4,2,2,2,2]","21808[4,2,2,2,1,1]","15514[4,2,2,1,1,1,1]","5390[4,2,1,1,1,1,1,1]","771[4,1,1,1,1,1,1,1,1]","3799[3,3,3,3]","16007[3,3,3,2,1]","11635[3,3,3,1,1,1]","9085[3,3,2,2,2]","17559[3,3,2,2,1,1]","11404[3,3,2,1,1,1,1]","3085[3,3,1,1,1,1,1,1]","6424[3,2,2,2,2,1]","7193[3,2,2,2,1,1,1]","3892[3,2,2,1,1,1,1,1]","1078[3,2,1,1,1,1,1,1,1]","114[3,1,1,1,1,1,1,1,1,1]","543[2,2,2,2,2,2]","1121[2,2,2,2,2,1,1]","884[2,2,2,2,1,1,1,1]","364[2,2,2,1,1,1,1,1,1]","73[2,2,1,1,1,1,1,1,1,1]","34[11,2]","38[11,1,1]","232[10,3]","494[10,2,1]","293[10,1,1,1]","709[9,4]","2236[9,3,1]","1516[9,2,2]","2467[9,2,1,1]","972[9,1,1,1,1]","1173[8,5]","5179[8,4,1]","6703[8,3,2]","8433[8,3,1,1]","7124[8,2,2,1]","6218[8,2,1,1,1]","1805[8,1,1,1,1,1]","994[7,6]","6492[7,5,1]","13141[7,4,2]","14979[7,4,1,1]","7598[7,3,3]","25063[7,3,2,1]","16369[7,3,1,1,1]","8012[7,2,2,2]","14913[7,2,2,1,1]","8924[7,2,1,1,1,1]","2019[7,1,1,1,1,1,1]","3110[6,6,1]","12028[6,5,2]","13147[6,5,1,1]","14503[6,4,3]","37077[6,4,2,1]","21642[6,4,1,1,1]","23703[6,3,3,1]","23916[6,3,2,2]","40355[6,3,2,1,1]","17769[6,3,1,1,1,1]","16425[6,2,2,2,1]","16800[6,2,2,1,1,1]","7533[6,2,1,1,1,1,1]","1369[6,1,1,1,1,1,1,1]","7951[5,5,3]","18892[5,5,2,1]","10577[5,5,1,1,1]","5834[5,4,4]","31201[5,4,3,1]","25484[5,4,2,2]","41148[5,4,2,1,1]","16198[5,4,1,1,1,1]","21634[5,3,3,2]","28868[5,3,3,1,1]","36438[5,3,2,2,1]","33257[5,3,2,1,1,1]","10901[5,3,1,1,1,1,1]","7474[5,2,2,2,2]","14862[5,2,2,2,1,1]","10540[5,2,2,1,1,1,1]","3665[5,2,1,1,1,1,1,1]","530[5,1,1,1,1,1,1,1,1]","6867[4,4,4,1]","15701[4,4,3,2]","20241[4,4,3,1,1]","21110[4,4,2,2,1]","18424[4,4,2,1,1,1]","5472[4,4,1,1,1,1,1]","5667[4,3,3,3]","22714[4,3,3,2,1]","16007[4,3,3,1,1,1]","11647[4,3,2,2,2]","22135[4,3,2,2,1,1]","13929[4,3,2,1,1,1,1]","3556[4,3,1,1,1,1,1,1]","6092[4,2,2,2,2,1]","6698[4,2,2,2,1,1,1]","3516[4,2,2,1,1,1,1,1]","931[4,2,1,1,1,1,1,1,1]","92[4,1,1,1,1,1,1,1,1,1]","3328[3,3,3,3,1]","4077[3,3,3,2,2]","7171[3,3,3,2,1,1]","3449[3,3,3,1,1,1,1]","4945[3,3,2,2,2,1]","5184[3,3,2,2,1,1,1]","2426[3,3,2,1,1,1,1,1]","484[3,3,1,1,1,1,1,1,1]","911[3,2,2,2,2,2]","1857[3,2,2,2,2,1,1]","1387[3,2,2,2,1,1,1,1]","524[3,2,2,1,1,1,1,1,1]","90[3,2,1,1,1,1,1,1,1,1]","167[2,2,2,2,2,2,1]","182[2,2,2,2,2,1,1,1]","93[2,2,2,2,1,1,1,1,1]","19[2,2,2,1,1,1,1,1,1,1]","17[11,3]","37[11,2,1]","28[11,1,1,1]","95[10,4]","294[10,3,1]","197[10,2,2]","365[10,2,1,1]","180[10,1,1,1,1]","229[9,5]","990[9,4,1]","1251[9,3,2]","1688[9,3,1,1]","1412[9,2,2,1]","1401[9,2,1,1,1]","491[9,1,1,1,1,1]","292[8,6]","1745[8,5,1]","3385[8,4,2]","3989[8,4,1,1]","1904[8,3,3]","6513[8,3,2,1]","4579[8,3,1,1,1]","2076[8,2,2,2]","4106[8,2,2,1,1]","2773[8,2,1,1,1,1]","732[8,1,1,1,1,1,1]","135[7,7]","1537[7,6,1]","4620[7,5,2]","5128[7,5,1,1]","5111[7,4,3]","13162[7,4,2,1]","7922[7,4,1,1,1]","8072[7,3,3,1]","8096[7,3,2,2]","14095[7,3,2,1,1]","6599[7,3,1,1,1,1]","5604[7,2,2,2,1]","6100[7,2,2,1,1,1]","3033[7,2,1,1,1,1,1]","630[7,1,1,1,1,1,1,1]","2318[6,6,2]","2472[6,6,1,1]","5287[6,5,3]","12337[6,5,2,1]","6905[6,5,1,1,1]","3130[6,4,4]","15882[6,4,3,1]","12736[6,4,2,2]","20649[6,4,2,1,1]","8244[6,4,1,1,1,1]","9882[6,3,3,2]","13292[6,3,3,1,1]","16416[6,3,2,2,1]","15313[6,3,2,1,1,1]","5220[6,3,1,1,1,1,1]","3201[6,2,2,2,2]","6490[6,2,2,2,1,1]","4847[6,2,2,1,1,1,1]","1827[6,2,1,1,1,1,1,1]","299[6,1,1,1,1,1,1,1,1]","2181[5,5,4]","8907[5,5,3,1]","6659[5,5,2,2]","10542[5,5,2,1,1]","3910[5,5,1,1,1,1]","6660[5,4,4,1]","13699[5,4,3,2]","17478[5,4,3,1,1]","17443[5,4,2,2,1]","15087[5,4,2,1,1,1]","4404[5,4,1,1,1,1,1]","3782[5,3,3,3]","14741[5,3,3,2,1]","10297[5,3,3,1,1,1]","7166[5,3,2,2,2]","13632[5,3,2,2,1,1]","8592[5,3,2,1,1,1,1]","2216[5,3,1,1,1,1,1,1]","3319[5,2,2,2,2,1]","3693[5,2,2,2,1,1,1]","1994[5,2,2,1,1,1,1,1]","559[5,2,1,1,1,1,1,1,1]","62[5,1,1,1,1,1,1,1,1,1]","3275[4,4,4,2]","3824[4,4,4,1,1]","2956[4,4,3,3]","10690[4,4,3,2,1]","7112[4,4,3,1,1,1]","4206[4,4,2,2,2]","7722[4,4,2,2,1,1]","4561[4,4,2,1,1,1,1]","1013[4,4,1,1,1,1,1,1]","3964[4,3,3,3,1]","4640[4,3,3,2,2]","8029[4,3,3,2,1,1]","3727[4,3,3,1,1,1,1]","4962[4,3,2,2,2,1]","5099[4,3,2,2,1,1,1]","2318[4,3,2,1,1,1,1,1]","444[4,3,1,1,1,1,1,1,1]","666[4,2,2,2,2,2]","1336[4,2,2,2,2,1,1]","986[4,2,2,2,1,1,1,1]","365[4,2,2,1,1,1,1,1,1]","65[4,2,1,1,1,1,1,1,1,1]","819[3,3,3,3,2]","1111[3,3,3,3,1,1]","1648[3,3,3,2,2,1]","1514[3,3,3,2,1,1,1]","503[3,3,3,1,1,1,1,1]","527[3,3,2,2,2,2]","1040[3,3,2,2,2,1,1]","700[3,3,2,2,1,1,1,1]","223[3,3,2,1,1,1,1,1,1]","25[3,3,1,1,1,1,1,1,1,1]","197[3,2,2,2,2,2,1]","208[3,2,2,2,2,1,1,1]","96[3,2,2,2,1,1,1,1,1]","17[3,2,2,1,1,1,1,1,1,1]","8[2,2,2,2,2,2,2]","13[2,2,2,2,2,2,1,1]","8[2,2,2,2,2,1,1,1,1]","1[2,2,2,2,1,1,1,1,1,1]","5[11,4]","13[11,3,1]","8[11,2,2]","23[11,2,1,1]","18[11,1,1,1,1]","22[10,5]","90[10,4,1]","104[10,3,2]","177[10,3,1,1]","139[10,2,2,1]","192[10,2,1,1,1]","94[10,1,1,1,1,1]","42[9,6]","242[9,5,1]","448[9,4,2]","588[9,4,1,1]","245[9,3,3]","932[9,3,2,1]","795[9,3,1,1,1]","295[9,2,2,2]","696[9,2,2,1,1]","611[9,2,1,1,1,1]","212[9,1,1,1,1,1,1]","35[8,7]","329[8,6,1]","910[8,5,2]","1071[8,5,1,1]","962[8,4,3]","2623[8,4,2,1]","1758[8,4,1,1,1]","1566[8,3,3,1]","1577[8,3,2,2]","3032[8,3,2,1,1]","1677[8,3,1,1,1,1]","1181[8,2,2,2,1]","1528[8,2,2,1,1,1]","942[8,2,1,1,1,1,1]","248[8,1,1,1,1,1,1,1]","160[7,7,1]","866[7,6,2]","955[7,6,1,1]","1566[7,5,3]","3740[7,5,2,1]","2195[7,5,1,1,1]","867[7,4,4]","4396[7,4,3,1]","3516[7,4,2,2]","5980[7,4,2,1,1]","2601[7,4,1,1,1,1]","2587[7,3,3,2]","3653[7,3,3,1,1]","4477[7,3,2,2,1]","4579[7,3,2,1,1,1]","1792[7,3,1,1,1,1,1]","846[7,2,2,2,2]","1871[7,2,2,2,1,1]","1620[7,2,2,1,1,1,1]","734[7,2,1,1,1,1,1,1]","147[7,1,1,1,1,1,1,1,1]","850[6,6,3]","1903[6,6,2,1]","1042[6,6,1,1,1]","1221[6,5,4]","4746[6,5,3,1]","3503[6,5,2,2]","5576[6,5,2,1,1]","2105[6,5,1,1,1,1]","2857[6,4,4,1]","5561[6,4,3,2]","7163[6,4,3,1,1]","7021[6,4,2,2,1]","6252[6,4,2,1,1,1]","1920[6,4,1,1,1,1,1]","1362[6,3,3,3]","5336[6,3,3,2,1]","3852[6,3,3,1,1,1]","2541[6,3,2,2,2]","4993[6,3,2,2,1,1]","3372[6,3,2,1,1,1,1]","969[6,3,1,1,1,1,1,1]","1124[6,2,2,2,2,1]","1351[6,2,2,2,1,1,1]","825[6,2,2,1,1,1,1,1]","273[6,2,1,1,1,1,1,1,1]","36[6,1,1,1,1,1,1,1,1,1]","274[5,5,5]","2084[5,5,4,1]","3258[5,5,3,2]","4050[5,5,3,1,1]","3694[5,5,2,2,1]","3083[5,5,2,1,1,1]","830[5,5,1,1,1,1,1]","2597[5,4,4,2]","3013[5,4,4,1,1]","2126[5,4,3,3]","7449[5,4,3,2,1]","4893[5,4,3,1,1,1]","2765[5,4,2,2,2]","5096[5,4,2,2,1,1]","2996[5,4,2,1,1,1,1]","670[5,4,1,1,1,1,1,1]","2056[5,3,3,3,1]","2350[5,3,3,2,2]","4064[5,3,3,2,1,1]","1896[5,3,3,1,1,1,1]","2369[5,3,2,2,2,1]","2476[5,3,2,2,1,1,1]","1166[5,3,2,1,1,1,1,1]","241[5,3,1,1,1,1,1,1,1]","268[5,2,2,2,2,2]","553[5,2,2,2,2,1,1]","429[5,2,2,2,1,1,1,1]","177[5,2,2,1,1,1,1,1,1]","37[5,2,1,1,1,1,1,1,1,1]","645[4,4,4,3]","1762[4,4,4,2,1]","1045[4,4,4,1,1,1]","1616[4,4,3,3,1]","1740[4,4,3,2,2]","2889[4,4,3,2,1,1]","1248[4,4,3,1,1,1,1]","1355[4,4,2,2,2,1]","1320[4,4,2,2,1,1,1]","547[4,4,2,1,1,1,1,1]","87[4,4,1,1,1,1,1,1,1]","739[4,3,3,3,2]","989[4,3,3,3,1,1]","1398[4,3,3,2,2,1]","1250[4,3,3,2,1,1,1]","402[4,3,3,1,1,1,1,1]","391[4,3,2,2,2,2]","756[4,3,2,2,2,1,1]","499[4,3,2,2,1,1,1,1]","154[4,3,2,1,1,1,1,1,1]","18[4,3,1,1,1,1,1,1,1,1]","96[4,2,2,2,2,2,1]","100[4,2,2,2,2,1,1,1]","46[4,2,2,2,1,1,1,1,1]","9[4,2,2,1,1,1,1,1,1,1]","57[3,3,3,3,3]","218[3,3,3,3,2,1]","144[3,3,3,3,1,1,1]","122[3,3,3,2,2,2]","221[3,3,3,2,2,1,1]","120[3,3,3,2,1,1,1,1]","26[3,3,3,1,1,1,1,1,1]","72[3,3,2,2,2,2,1]","70[3,3,2,2,2,1,1,1]","25[3,3,2,2,1,1,1,1,1]","3[3,3,2,1,1,1,1,1,1,1]","4[3,2,2,2,2,2,2]","8[3,2,2,2,2,2,1,1]","4[3,2,2,2,2,1,1,1,1]","1[11,5]","3[11,4,1]","1[11,3,2]","6[11,3,1,1]","4[11,2,2,1]","12[11,2,1,1,1]","11[11,1,1,1,1,1]","3[10,6]","13[10,5,1]","21[10,4,2]","39[10,4,1,1]","10[10,3,3]","54[10,3,2,1]","78[10,3,1,1,1]","16[10,2,2,2]","60[10,2,2,1,1]","89[10,2,1,1,1,1]","46[10,1,1,1,1,1,1]","3[9,7]","30[9,6,1]","76[9,5,2]","107[9,5,1,1]","76[9,4,3]","248[9,4,2,1]","220[9,4,1,1,1]","142[9,3,3,1]","144[9,3,2,2]","365[9,3,2,1,1]","290[9,3,1,1,1,1]","135[9,2,2,2,1]","252[9,2,2,1,1,1]","228[9,2,1,1,1,1,1]","81[9,1,1,1,1,1,1,1]","1[8,8]","27[8,7,1]","123[8,6,2]","146[8,6,1,1]","202[8,5,3]","542[8,5,2,1]","375[8,5,1,1,1]","113[8,4,4]","604[8,4,3,1]","495[8,4,2,2]","970[8,4,2,1,1]","535[8,4,1,1,1,1]","340[8,3,3,2]","571[8,3,3,1,1]","686[8,3,2,2,1]","901[8,3,2,1,1,1]","462[8,3,1,1,1,1,1]","126[8,2,2,2,2]","347[8,2,2,2,1,1]","412[8,2,2,1,1,1,1]","248[8,2,1,1,1,1,1,1]","66[8,1,1,1,1,1,1,1,1]","61[7,7,2]","74[7,7,1,1]","225[7,6,3]","537[7,6,2,1]","313[7,6,1,1,1]","267[7,5,4]","1063[7,5,3,1]","797[7,5,2,2]","1358[7,5,2,1,1]","568[7,5,1,1,1,1]","604[7,4,4,1]","1132[7,4,3,2]","1573[7,4,3,1,1]","1546[7,4,2,2,1]","1556[7,4,2,1,1,1]","568[7,4,1,1,1,1,1]","253[7,3,3,3]","1070[7,3,3,2,1]","893[7,3,3,1,1,1]","511[7,3,2,2,2]","1138[7,3,2,2,1,1]","938[7,3,2,1,1,1,1]","335[7,3,1,1,1,1,1,1]","234[7,2,2,2,2,1]","348[7,2,2,2,1,1,1]","277[7,2,2,1,1,1,1,1]","115[7,2,1,1,1,1,1,1,1]","20[7,1,1,1,1,1,1,1,1,1]","173[6,6,4]","593[6,6,3,1]","441[6,6,2,2]","674[6,6,2,1,1]","247[6,6,1,1,1,1]","128[6,5,5]","918[6,5,4,1]","1359[6,5,3,2]","1708[6,5,3,1,1]","1554[6,5,2,2,1]","1328[6,5,2,1,1,1]","370[6,5,1,1,1,1,1]","881[6,4,4,2]","1021[6,4,4,1,1]","660[6,4,3,3]","2359[6,4,3,2,1]","1615[6,4,3,1,1,1]","874[6,4,2,2,2]","1657[6,4,2,2,1,1]","1054[6,4,2,1,1,1,1]","261[6,4,1,1,1,1,1,1]","555[6,3,3,3,1]","625[6,3,3,2,2]","1145[6,3,3,2,1,1]","584[6,3,3,1,1,1,1]","648[6,3,2,2,2,1]","752[6,3,2,2,1,1,1]","411[6,3,2,1,1,1,1,1]","103[6,3,1,1,1,1,1,1,1]","62[6,2,2,2,2,2]","141[6,2,2,2,2,1,1]","136[6,2,2,2,1,1,1,1]","69[6,2,2,1,1,1,1,1,1]","18[6,2,1,1,1,1,1,1,1,1]","226[5,5,5,1]","681[5,5,4,2]","771[5,5,4,1,1]","436[5,5,3,3]","1412[5,5,3,2,1]","872[5,5,3,1,1,1]","469[5,5,2,2,2]","849[5,5,2,2,1,1]","455[5,5,2,1,1,1,1]","90[5,5,1,1,1,1,1,1]","423[5,4,4,3]","1114[5,4,4,2,1]","644[5,4,4,1,1,1]","890[5,4,3,3,1]","932[5,4,3,2,2]","1541[5,4,3,2,1,1]","655[5,4,3,1,1,1,1]","687[5,4,2,2,2,1]","670[5,4,2,2,1,1,1]","280[5,4,2,1,1,1,1,1]","46[5,4,1,1,1,1,1,1,1]","278[5,3,3,3,2]","370[5,3,3,3,1,1]","512[5,3,3,2,2,1]","467[5,3,3,2,1,1,1]","156[5,3,3,1,1,1,1,1]","132[5,3,2,2,2,2]","263[5,3,2,2,2,1,1]","183[5,3,2,2,1,1,1,1]","63[5,3,2,1,1,1,1,1,1]","9[5,3,1,1,1,1,1,1,1,1]","24[5,2,2,2,2,2,1]","27[5,2,2,2,2,1,1,1]","16[5,2,2,2,1,1,1,1,1]","3[5,2,2,1,1,1,1,1,1,1]","50[4,4,4,4]","265[4,4,4,3,1]","231[4,4,4,2,2]","346[4,4,4,2,1,1]","134[4,4,4,1,1,1,1]","223[4,4,3,3,2]","290[4,4,3,3,1,1]","372[4,4,3,2,2,1]","308[4,4,3,2,1,1,1]","85[4,4,3,1,1,1,1,1]","79[4,4,2,2,2,2]","138[4,4,2,2,2,1,1]","82[4,4,2,2,1,1,1,1]","19[4,4,2,1,1,1,1,1,1]","2[4,4,1,1,1,1,1,1,1,1]","36[4,3,3,3,3]","130[4,3,3,3,2,1]","81[4,3,3,3,1,1,1]","68[4,3,3,2,2,2]","122[4,3,3,2,2,1,1]","63[4,3,3,2,1,1,1,1]","14[4,3,3,1,1,1,1,1,1]","33[4,3,2,2,2,2,1]","30[4,3,2,2,2,1,1,1]","9[4,3,2,2,1,1,1,1,1]","1[4,3,2,1,1,1,1,1,1,1]","1[4,2,2,2,2,2,2]","1[4,2,2,2,2,2,1,1]","1[4,2,2,2,2,1,1,1,1]","7[3,3,3,3,3,1]","9[3,3,3,3,2,2]","13[3,3,3,3,2,1,1]","4[3,3,3,3,1,1,1,1]","8[3,3,3,2,2,2,1]","6[3,3,3,2,2,1,1,1]","1[3,3,3,2,1,1,1,1,1]","1[3,3,2,2,2,2,1,1]","1[11,4,1,1]","3[11,3,1,1,1]","1[11,2,2,1,1]","6[11,2,1,1,1,1]","6[11,1,1,1,1,1,1]","1[10,6,1]","1[10,5,2]","4[10,5,1,1]","1[10,4,3]","6[10,4,2,1]","13[10,4,1,1,1]","4[10,3,3,1]","2[10,3,2,2]","18[10,3,2,1,1]","29[10,3,1,1,1,1]","5[10,2,2,2,1]","23[10,2,2,1,1,1]","37[10,2,1,1,1,1,1]","22[10,1,1,1,1,1,1,1]","1[9,7,1]","5[9,6,2]","8[9,6,1,1]","7[9,5,3]","28[9,5,2,1]","31[9,5,1,1,1]","4[9,4,4]","29[9,4,3,1]","24[9,4,2,2]","75[9,4,2,1,1]","68[9,4,1,1,1,1]","15[9,3,3,2]","42[9,3,3,1,1]","46[9,3,2,2,1]","107[9,3,2,1,1,1]","88[9,3,1,1,1,1,1]","7[9,2,2,2,2]","36[9,2,2,2,1,1]","74[9,2,2,1,1,1,1]","68[9,2,1,1,1,1,1,1]","26[9,1,1,1,1,1,1,1,1]","5[8,7,2]","8[8,7,1,1]","16[8,6,3]","49[8,6,2,1]","36[8,6,1,1,1]","19[8,5,4]","92[8,5,3,1]","74[8,5,2,2]","157[8,5,2,1,1]","87[8,5,1,1,1,1]","52[8,4,4,1]","93[8,4,3,2]","170[8,4,3,1,1]","168[8,4,2,2,1]","240[8,4,2,1,1,1]","122[8,4,1,1,1,1,1]","19[8,3,3,3]","101[8,3,3,2,1]","125[8,3,3,1,1,1]","48[8,3,2,2,2]","155[8,3,2,2,1,1]","191[8,3,2,1,1,1,1]","96[8,3,1,1,1,1,1,1]","24[8,2,2,2,2,1]","63[8,2,2,2,1,1,1]","74[8,2,2,1,1,1,1,1]","43[8,2,1,1,1,1,1,1,1]","10[8,1,1,1,1,1,1,1,1,1]","9[7,7,3]","27[7,7,2,1]","16[7,7,1,1,1]","29[7,6,4]","108[7,6,3,1]","88[7,6,2,2]","146[7,6,2,1,1]","58[7,6,1,1,1,1]","19[7,5,5]","146[7,5,4,1]","210[7,5,3,2]","295[7,5,3,1,1]","284[7,5,2,2,1]","277[7,5,2,1,1,1]","90[7,5,1,1,1,1,1]","129[7,4,4,2]","171[7,4,4,1,1]","87[7,4,3,3]","361[7,4,3,2,1]","303[7,4,3,1,1,1]","139[7,4,2,2,2]","313[7,4,2,2,1,1]","250[7,4,2,1,1,1,1]","77[7,4,1,1,1,1,1,1]","70[7,3,3,3,1]","80[7,3,3,2,2]","182[7,3,3,2,1,1]","125[7,3,3,1,1,1,1]","100[7,3,2,2,2,1]","156[7,3,2,2,1,1,1]","115[7,3,2,1,1,1,1,1]","37[7,3,1,1,1,1,1,1,1]","5[7,2,2,2,2,2]","22[7,2,2,2,2,1,1]","33[7,2,2,2,1,1,1,1]","23[7,2,2,1,1,1,1,1,1]","8[7,2,1,1,1,1,1,1,1,1]","17[6,6,5]","96[6,6,4,1]","134[6,6,3,2]","159[6,6,3,1,1]","157[6,6,2,2,1]","121[6,6,2,1,1,1]","29[6,6,1,1,1,1,1]","84[6,5,5,1]","235[6,5,4,2]","264[6,5,4,1,1]","135[6,5,3,3]","453[6,5,3,2,1]","285[6,5,3,1,1,1]","162[6,5,2,2,2]","291[6,5,2,2,1,1]","160[6,5,2,1,1,1,1]","33[6,5,1,1,1,1,1,1]","107[6,4,4,3]","291[6,4,4,2,1]","178[6,4,4,1,1,1]","201[6,4,3,3,1]","216[6,4,3,2,2]","374[6,4,3,2,1,1]","176[6,4,3,1,1,1,1]","169[6,4,2,2,2,1]","181[6,4,2,2,1,1,1]","85[6,4,2,1,1,1,1,1]","16[6,4,1,1,1,1,1,1,1]","47[6,3,3,3,2]","68[6,3,3,3,1,1]","95[6,3,3,2,2,1]","101[6,3,3,2,1,1,1]","42[6,3,3,1,1,1,1,1]","23[6,3,2,2,2,2]","53[6,3,2,2,2,1,1]","47[6,3,2,2,1,1,1,1]","20[6,3,2,1,1,1,1,1,1]","3[6,3,1,1,1,1,1,1,1,1]","2[6,2,2,2,2,2,1]","5[6,2,2,2,2,1,1,1]","4[6,2,2,2,1,1,1,1,1]","1[6,2,2,1,1,1,1,1,1,1]","69[5,5,5,2]","68[5,5,5,1,1]","101[5,5,4,3]","238[5,5,4,2,1]","122[5,5,4,1,1,1]","141[5,5,3,3,1]","138[5,5,3,2,2]","216[5,5,3,2,1,1]","76[5,5,3,1,1,1,1]","91[5,5,2,2,2,1]","80[5,5,2,2,1,1,1]","25[5,5,2,1,1,1,1,1]","3[5,5,1,1,1,1,1,1,1]","27[5,4,4,4]","134[5,4,4,3,1]","109[5,4,4,2,2]","166[5,4,4,2,1,1]","59[5,4,4,1,1,1,1]","87[5,4,3,3,2]","109[5,4,3,3,1,1]","140[5,4,3,2,2,1]","112[5,4,3,2,1,1,1]","30[5,4,3,1,1,1,1,1]","28[5,4,2,2,2,2]","51[5,4,2,2,2,1,1]","28[5,4,2,2,1,1,1,1]","6[5,4,2,1,1,1,1,1,1]","1[5,4,1,1,1,1,1,1,1,1]","8[5,3,3,3,3]","28[5,3,3,3,2,1]","18[5,3,3,3,1,1,1]","15[5,3,3,2,2,2]","27[5,3,3,2,2,1,1]","15[5,3,3,2,1,1,1,1]","4[5,3,3,1,1,1,1,1,1]","6[5,3,2,2,2,2,1]","6[5,3,2,2,2,1,1,1]","2[5,3,2,2,1,1,1,1,1]","13[4,4,4,4,1]","27[4,4,4,3,2]","31[4,4,4,3,1,1]","31[4,4,4,2,2,1]","23[4,4,4,2,1,1,1]","4[4,4,4,1,1,1,1,1]","6[4,4,3,3,3]","23[4,4,3,3,2,1]","13[4,4,3,3,1,1,1]","12[4,4,3,2,2,2]","17[4,4,3,2,2,1,1]","7[4,4,3,2,1,1,1,1]","1[4,4,3,1,1,1,1,1,1]","4[4,4,2,2,2,2,1]","2[4,4,2,2,2,1,1,1]","2[4,3,3,3,3,1]","2[4,3,3,3,2,2]","3[4,3,3,3,2,1,1]","1[4,3,3,3,1,1,1,1]","2[4,3,3,2,2,2,1]","1[4,3,3,2,2,1,1,1]","1[11,3,1,1,1,1]","3[11,2,1,1,1,1,1]","3[11,1,1,1,1,1,1,1]","1[10,5,1,1,1]","1[10,4,2,1,1]","4[10,4,1,1,1,1]","1[10,3,3,1,1]","5[10,3,2,1,1,1]","9[10,3,1,1,1,1,1]","1[10,2,2,2,1,1]","7[10,2,2,1,1,1,1]","13[10,2,1,1,1,1,1,1]","9[10,1,1,1,1,1,1,1,1]","1[9,6,2,1]","1[9,6,1,1,1]","1[9,5,3,1]","1[9,5,2,2]","6[9,5,2,1,1]","7[9,5,1,1,1,1]","1[9,4,4,1]","1[9,4,3,2]","6[9,4,3,1,1]","6[9,4,2,2,1]","18[9,4,2,1,1,1]","18[9,4,1,1,1,1,1]","2[9,3,3,2,1]","9[9,3,3,1,1,1]","1[9,3,2,2,2]","9[9,3,2,2,1,1]","25[9,3,2,1,1,1,1]","21[9,3,1,1,1,1,1,1]","1[9,2,2,2,2,1]","5[9,2,2,2,1,1,1]","15[9,2,2,1,1,1,1,1]","13[9,2,1,1,1,1,1,1,1]","5[9,1,1,1,1,1,1,1,1,1]","1[8,7,2,1]","1[8,7,1,1,1]","1[8,6,4]","3[8,6,3,1]","5[8,6,2,2]","9[8,6,2,1,1]","5[8,6,1,1,1,1]","6[8,5,4,1]","8[8,5,3,2]","19[8,5,3,1,1]","20[8,5,2,2,1]","31[8,5,2,1,1,1]","13[8,5,1,1,1,1,1]","6[8,4,4,2]","11[8,4,4,1,1]","2[8,4,3,3]","20[8,4,3,2,1]","32[8,4,3,1,1,1]","9[8,4,2,2,2]","32[8,4,2,2,1,1]","43[8,4,2,1,1,1,1]","18[8,4,1,1,1,1,1,1]","3[8,3,3,3,1]","2[8,3,3,2,2]","14[8,3,3,2,1,1]","17[8,3,3,1,1,1,1]","6[8,3,2,2,2,1]","22[8,3,2,2,1,1,1]","25[8,3,2,1,1,1,1,1]","12[8,3,1,1,1,1,1,1,1]","1[8,2,2,2,2,1,1]","5[8,2,2,2,1,1,1,1]","6[8,2,2,1,1,1,1,1,1]","3[8,2,1,1,1,1,1,1,1,1]","2[7,7,3,1]","3[7,7,2,2]","5[7,7,2,1,1]","1[7,7,1,1,1,1]","1[7,6,5]","10[7,6,4,1]","14[7,6,3,2]","19[7,6,3,1,1]","27[7,6,2,2,1]","20[7,6,2,1,1,1]","5[7,6,1,1,1,1,1]","8[7,5,5,1]","23[7,5,4,2]","33[7,5,4,1,1]","11[7,5,3,3]","51[7,5,3,2,1]","41[7,5,3,1,1,1]","23[7,5,2,2,2]","49[7,5,2,2,1,1]","31[7,5,2,1,1,1,1]","7[7,5,1,1,1,1,1,1]","9[7,4,4,3]","33[7,4,4,2,1]","28[7,4,4,1,1,1]","16[7,4,3,3,1]","19[7,4,3,2,2]","47[7,4,3,2,1,1]","32[7,4,3,1,1,1,1]","23[7,4,2,2,2,1]","32[7,4,2,2,1,1,1]","21[7,4,2,1,1,1,1,1]","4[7,4,1,1,1,1,1,1,1]","2[7,3,3,3,2]","6[7,3,3,3,1,1]","7[7,3,3,2,2,1]","14[7,3,3,2,1,1,1]","8[7,3,3,1,1,1,1,1]","1[7,3,2,2,2,2]","6[7,3,2,2,2,1,1]","9[7,3,2,2,1,1,1,1]","5[7,3,2,1,1,1,1,1,1]","1[7,3,1,1,1,1,1,1,1,1]","1[7,2,2,2,1,1,1,1,1]","1[6,6,6]","7[6,6,5,1]","21[6,6,4,2]","18[6,6,4,1,1]","8[6,6,3,3]","33[6,6,3,2,1]","17[6,6,3,1,1,1]","18[6,6,2,2,2]","23[6,6,2,2,1,1]","9[6,6,2,1,1,1,1]","1[6,6,1,1,1,1,1,1]","19[6,5,5,2]","20[6,5,5,1,1]","26[6,5,4,3]","63[6,5,4,2,1]","32[6,5,4,1,1,1]","31[6,5,3,3,1]","33[6,5,3,2,2]","51[6,5,3,2,1,1]","17[6,5,3,1,1,1,1]","27[6,5,2,2,2,1]","23[6,5,2,2,1,1,1]","6[6,5,2,1,1,1,1,1]","1[6,5,1,1,1,1,1,1,1]","5[6,4,4,4]","23[6,4,4,3,1]","23[6,4,4,2,2]","33[6,4,4,2,1,1]","15[6,4,4,1,1,1,1]","11[6,4,3,3,2]","16[6,4,3,3,1,1]","21[6,4,3,2,2,1]","20[6,4,3,2,1,1,1]","6[6,4,3,1,1,1,1,1]","5[6,4,2,2,2,2]","9[6,4,2,2,2,1,1]","6[6,4,2,2,1,1,1,1]","1[6,4,2,1,1,1,1,1,1]","1[6,3,3,3,3]","2[6,3,3,3,2,1]","1[6,3,3,3,1,1,1]","1[6,3,3,2,2,2]","3[6,3,3,2,2,1,1]","2[6,3,3,2,1,1,1,1]","1[6,3,3,1,1,1,1,1,1]","1[6,3,2,2,2,1,1,1]","13[5,5,5,3]","19[5,5,5,2,1]","7[5,5,5,1,1,1]","6[5,5,4,4]","27[5,5,4,3,1]","17[5,5,4,2,2]","26[5,5,4,2,1,1]","5[5,5,4,1,1,1,1]","10[5,5,3,3,2]","10[5,5,3,3,1,1]","14[5,5,3,2,2,1]","8[5,5,3,2,1,1,1]","1[5,5,3,1,1,1,1,1]","3[5,5,2,2,2,2]","5[5,5,2,2,2,1,1]","1[5,5,2,2,1,1,1,1]","5[5,4,4,4,1]","9[5,4,4,3,2]","10[5,4,4,3,1,1]","10[5,4,4,2,2,1]","6[5,4,4,2,1,1,1]","1[5,4,4,1,1,1,1,1]","1[5,4,3,3,3]","4[5,4,3,3,2,1]","2[5,4,3,3,1,1,1]","2[5,4,3,2,2,2]","3[5,4,3,2,2,1,1]","1[5,4,3,2,1,1,1,1]","1[5,4,2,2,2,2,1]","1[4,4,4,4,2]","1[4,4,4,3,2,1]","1[4,4,4,3,1,1,1]","1[4,4,4,2,2,2]","1[11,2,1,1,1,1,1,1]","2[11,1,1,1,1,1,1,1,1]","1[10,4,1,1,1,1,1]","1[10,3,2,1,1,1,1]","3[10,3,1,1,1,1,1,1]","1[10,2,2,1,1,1,1,1]","3[10,2,1,1,1,1,1,1,1]","2[10,1,1,1,1,1,1,1,1,1]","1[9,5,2,1,1,1]","1[9,5,1,1,1,1,1]","1[9,4,3,1,1,1]","1[9,4,2,2,1,1]","4[9,4,2,1,1,1,1]","3[9,4,1,1,1,1,1,1]","1[9,3,3,1,1,1,1]","1[9,3,2,2,1,1,1]","4[9,3,2,1,1,1,1,1]","3[9,3,1,1,1,1,1,1,1]","1[9,2,2,1,1,1,1,1,1]","1[9,2,1,1,1,1,1,1,1,1]","1[8,6,2,2,1]","1[8,6,2,1,1,1]","1[8,5,4,1,1]","1[8,5,3,2,1]","2[8,5,3,1,1,1]","1[8,5,2,2,2]","4[8,5,2,2,1,1]","4[8,5,2,1,1,1,1]","1[8,5,1,1,1,1,1,1]","1[8,4,4,2,1]","3[8,4,4,1,1,1]","2[8,4,3,2,1,1]","4[8,4,3,1,1,1,1]","1[8,4,2,2,2,1]","4[8,4,2,2,1,1,1]","4[8,4,2,1,1,1,1,1]","1[8,4,1,1,1,1,1,1,1]","1[8,3,3,2,1,1,1]","1[8,3,3,1,1,1,1,1]","1[8,3,2,2,1,1,1,1]","1[8,3,2,1,1,1,1,1,1]","1[7,7,2,2,1]","1[7,6,4,2]","1[7,6,4,1,1]","2[7,6,3,2,1]","1[7,6,3,1,1,1]","3[7,6,2,2,2]","4[7,6,2,2,1,1]","1[7,6,2,1,1,1,1]","1[7,5,5,2]","1[7,5,5,1,1]","1[7,5,4,3]","5[7,5,4,2,1]","4[7,5,4,1,1,1]","1[7,5,3,3,1]","2[7,5,3,2,2]","5[7,5,3,2,1,1]","2[7,5,3,1,1,1,1]","4[7,5,2,2,2,1]","4[7,5,2,2,1,1,1]","1[7,5,2,1,1,1,1,1]","1[7,4,4,3,1]","1[7,4,4,2,2]","4[7,4,4,2,1,1]","3[7,4,4,1,1,1,1]","1[7,4,3,3,1,1]","1[7,4,3,2,2,1]","2[7,4,3,2,1,1,1]","1[7,4,3,1,1,1,1,1]","1[7,4,2,2,2,1,1]","1[7,4,2,2,1,1,1,1]","1[6,6,5,2]","1[6,6,5,1,1]","1[6,6,4,3]","4[6,6,4,2,1]","1[6,6,4,1,1,1]","1[6,6,3,3,1]","3[6,6,3,2,2]","2[6,6,3,2,1,1]","3[6,6,2,2,2,1]","1[6,6,2,2,1,1,1]","3[6,5,5,3]","4[6,5,5,2,1]","1[6,5,5,1,1,1]","1[6,5,4,4]","5[6,5,4,3,1]","4[6,5,4,2,2]","5[6,5,4,2,1,1]","1[6,5,4,1,1,1,1]","1[6,5,3,3,2]","1[6,5,3,3,1,1]","2[6,5,3,2,2,1]","1[6,5,3,2,1,1,1]","1[6,5,2,2,2,2]","1[6,5,2,2,2,1,1]","1[6,4,4,3,2]","1[6,4,4,3,1,1]","1[6,4,4,2,2,1]","1[6,4,4,2,1,1,1]","2[5,5,5,4]","3[5,5,5,3,1]","1[5,5,5,2,2]","1[5,5,5,2,1,1]","1[5,5,4,4,1]","1[5,5,4,3,2]","1[5,5,4,3,1,1]","1[5,5,4,2,2,1]","1[11,1,1,1,1,1,1,1,1,1]","1[10,3,1,1,1,1,1,1,1]","1[9,4,2,1,1,1,1,1]","1[8,5,2,2,1,1,1]","1[8,4,4,1,1,1,1]","1[7,6,2,2,2,1]","1[7,5,4,2,1,1]","1[6,6,4,2,2]","1[6,5,5,3,1]","1[5,5,5,5]"
"2[1]","19[2]","21[1,1]","97[3]","194[2,1]","96[1,1,1]","291[4]","887[3,1]","581[2,2]","885[2,1,1]","290[1,1,1,1]","626[5]","2492[4,1]","3116[3,2]","3725[3,1,1]","3106[2,2,1]","2475[2,1,1,1]","617[1,1,1,1,1]","962[6]","4861[5,1]","8714[4,2]","9680[4,1,1]","4865[3,3]","15430[3,2,1]","9572[3,1,1,1]","4779[2,2,2]","8621[2,2,1,1]","4735[2,1,1,1,1]","942[1,1,1,1,1,1]","1133[7]","6863[6,1]","16074[5,2]","17123[5,1,1]","16068[4,3]","39849[4,2,1]","22584[4,1,1,1]","23830[3,3,1]","23704[3,2,2]","39257[3,2,1,1]","16638[3,1,1,1,1]","15554[2,2,2,1]","15400[2,2,1,1,1]","6503[2,1,1,1,1,1]","1056[1,1,1,1,1,1,1]","994[8]","7234[7,1]","20923[6,2]","21873[6,1,1]","29487[5,3]","66604[5,2,1]","36022[5,1,1,1]","14701[4,4]","72642[4,3,1]","57559[4,2,2]","91896[4,2,1,1]","35139[4,1,1,1,1]","43009[3,3,2]","56756[3,3,1,1]","70311[3,2,2,1]","63455[3,2,1,1,1]","20394[3,1,1,1,1,1]","13730[2,2,2,2]","27314[2,2,2,1,1]","19125[2,2,1,1,1,1]","6535[2,1,1,1,1,1,1]","891[1,1,1,1,1,1,1,1]","661[9]","5694[8,1]","19961[7,2]","20554[7,1,1]","36085[6,3]","77957[6,2,1]","41087[6,1,1,1]","31791[5,4]","120339[5,3,1]","88211[5,2,2]","137621[5,2,1,1]","50025[5,1,1,1,1]","62332[4,4,1]","122594[4,3,2]","155947[4,3,1,1]","153879[4,2,2,1]","132452[4,2,1,1,1]","38152[4,1,1,1,1,1]","30175[3,3,3]","118490[3,3,2,1]","83165[3,3,1,1,1]","57938[3,2,2,2]","110384[3,2,2,1,1]","69844[3,2,1,1,1,1]","17909[3,1,1,1,1,1,1]","27675[2,2,2,2,1]","31020[2,2,2,1,1,1]","16922[2,2,1,1,1,1,1]","4786[2,1,1,1,1,1,1,1]","570[1,1,1,1,1,1,1,1,1]","315[10]","3311[9,1]","13942[8,2]","14296[8,1,1]","31276[7,3]","65807[7,2,1]","34169[7,1,1,1]","38276[6,4]","131367[6,3,1]","92641[6,2,2]","142863[6,2,1,1]","50409[6,1,1,1,1]","18079[5,5]","120535[5,4,1]","184708[5,3,2]","229800[5,3,1,1]","209546[5,2,2,1]","175545[5,2,1,1,1]","47850[5,1,1,1,1,1]","102888[4,4,2]","121016[4,4,1,1]","84578[4,3,3]","301979[4,3,2,1]","201961[4,3,1,1,1]","114677[4,2,2,2]","213786[4,2,2,1,1]","128010[4,2,1,1,1,1]","29312[4,1,1,1,1,1,1]","80565[3,3,3,1]","94908[3,3,2,2]","166555[3,3,2,1,1]","80616[3,3,1,1,1,1]","103005[3,2,2,2,1]","109826[3,2,2,1,1,1]","53408[3,2,1,1,1,1,1]","11228[3,1,1,1,1,1,1,1]","14068[2,2,2,2,2]","29717[2,2,2,2,1,1]","23811[2,2,2,1,1,1,1]","10513[2,2,1,1,1,1,1,1]","2478[2,1,1,1,1,1,1,1,1]","253[1,1,1,1,1,1,1,1,1,1]","102[11]","1360[10,1]","7043[9,2]","7191[9,1,1]","19326[8,3]","40142[8,2,1]","20749[8,1,1,1]","30556[7,4]","99710[7,3,1]","68947[7,2,2]","105581[7,2,1,1]","36793[7,1,1,1,1]","25097[6,5]","128176[6,4,1]","179152[6,3,2]","220297[6,3,1,1]","193338[6,2,2,1]","159607[6,2,1,1,1]","42256[6,1,1,1,1,1]","61452[5,5,1]","179342[5,4,2]","206107[5,4,1,1]","117508[5,3,3]","400628[5,3,2,1]","260851[5,3,1,1,1]","138677[5,2,2,2]","254803[5,2,2,1,1]","148101[5,2,1,1,1,1]","31981[5,1,1,1,1,1,1]","81727[4,4,3]","226669[4,4,2,1]","137802[4,4,1,1,1]","199594[4,3,3,1]","216535[4,3,2,2]","371759[4,3,2,1,1]","170140[4,3,1,1,1,1]","178413[4,2,2,2,1]","184719[4,2,2,1,1,1]","84597[4,2,1,1,1,1,1]","15791[4,1,1,1,1,1,1,1]","73122[3,3,3,2]","102197[3,3,3,1,1]","148695[3,3,2,2,1]","143747[3,3,2,1,1,1]","52598[3,3,1,1,1,1,1]","46506[3,2,2,2,2]","95367[3,2,2,2,1,1]","72117[3,2,2,1,1,1,1]","28008[3,2,1,1,1,1,1,1]","4866[3,1,1,1,1,1,1,1,1]","16403[2,2,2,2,2,1]","19654[2,2,2,2,1,1,1]","12188[2,2,2,1,1,1,1,1]","4338[2,2,1,1,1,1,1,1,1]","833[2,1,1,1,1,1,1,1,1,1]","56[1,1,1,1,1,1,1,1,1,1,1]","16[12]","360[11,1]","2430[10,2]","2508[10,1,1]","8367[9,3]","17290[9,2,1]","8990[9,1,1,1]","16634[8,4]","53009[8,3,1]","36194[8,2,2]","55601[8,2,1,1]","19421[8,1,1,1,1]","19185[7,5]","88418[7,4,1]","118241[7,3,2]","144641[7,3,1,1]","124432[7,2,2,1]","102388[7,2,1,1,1]","26954[7,1,1,1,1,1]","8725[6,6]","74556[6,5,1]","167411[6,4,2]","190330[6,4,1,1]","101485[6,3,3]","337284[6,3,2,1]","216603[6,3,1,1,1]","111441[6,2,2,2]","203739[6,2,2,1,1]","116806[6,2,1,1,1,1]","24659[6,1,1,1,1,1,1]","83387[5,5,2]","92060[5,5,1,1]","129918[5,4,3]","343918[5,4,2,1]","203650[5,4,1,1,1]","241459[5,3,3,1]","252056[5,3,2,2]","426892[5,3,2,1,1]","189720[5,3,1,1,1,1]","186386[5,2,2,2,1]","189877[5,2,2,1,1,1]","84311[5,2,1,1,1,1,1]","14882[5,1,1,1,1,1,1,1]","27869[4,4,4]","170345[4,4,3,1]","146850[4,4,2,2]","242351[4,4,2,1,1]","99629[4,4,1,1,1,1]","160331[4,3,3,2]","218721[4,3,3,1,1]","293370[4,3,2,2,1]","275273[4,3,2,1,1,1]","94916[4,3,1,1,1,1,1]","69964[4,2,2,2,2]","141489[4,2,2,2,1,1]","103283[4,2,2,1,1,1,1]","37670[4,2,1,1,1,1,1,1]","5768[4,1,1,1,1,1,1,1,1]","23280[3,3,3,3]","101471[3,3,3,2,1]","75745[3,3,3,1,1,1]","59734[3,3,2,2,2]","117096[3,3,2,2,1,1]","79141[3,3,2,1,1,1,1]","22730[3,3,1,1,1,1,1,1]","45878[3,2,2,2,2,1]","53117[3,2,2,2,1,1,1]","30711[3,2,2,1,1,1,1,1]","9558[3,2,1,1,1,1,1,1,1]","1324[3,1,1,1,1,1,1,1,1,1]","4357[2,2,2,2,2,2]","9479[2,2,2,2,2,1,1]","8000[2,2,2,2,1,1,1,1]","3877[2,2,2,1,1,1,1,1,1]","1057[2,2,1,1,1,1,1,1,1,1]","139[2,1,1,1,1,1,1,1,1,1,1]","47[12,1]","517[11,2]","542[11,1,1]","2389[10,3]","4961[10,2,1]","2659[10,1,1,1]","6098[9,4]","19192[9,3,1]","13050[9,2,2]","20302[9,2,1,1]","7315[9,1,1,1,1]","9244[8,5]","40711[8,4,1]","53136[8,3,2]","65367[8,3,1,1]","55604[8,2,2,1]","46389[8,2,1,1,1]","12507[8,1,1,1,1,1]","7442[7,6]","48447[7,5,1]","98842[7,4,2]","111963[7,4,1,1]","57670[7,3,3]","189829[7,3,2,1]","121983[7,3,1,1,1]","61314[7,2,2,2]","112363[7,2,2,1,1]","64951[7,2,1,1,1,1]","13874[7,1,1,1,1,1,1]","22547[6,6,1]","87530[6,5,2]","95777[6,5,1,1]","106511[6,4,3]","275135[6,4,2,1]","160954[6,4,1,1,1]","178449[6,3,3,1]","182297[6,3,2,2]","307414[6,3,2,1,1]","135170[6,3,1,1,1,1]","128123[6,2,2,2,1]","130183[6,2,2,1,1,1]","57543[6,2,1,1,1,1,1]","10094[6,1,1,1,1,1,1,1]","57392[5,5,3]","138321[5,5,2,1]","78171[5,5,1,1,1]","42306[5,4,4]","232847[5,4,3,1]","193213[5,4,2,2]","314434[5,4,2,1,1]","125744[5,4,1,1,1,1]","167768[5,3,3,2]","226021[5,3,3,1,1]","291181[5,3,2,2,1]","269091[5,3,2,1,1,1]","90103[5,3,1,1,1,1,1]","62591[5,2,2,2,2]","125499[5,2,2,2,1,1]","90326[5,2,2,1,1,1,1]","32082[5,2,1,1,1,1,1,1]","4724[5,1,1,1,1,1,1,1,1]","51713[4,4,4,1]","122005[4,4,3,2]","159667[4,4,3,1,1]","170127[4,4,2,2,1]","151580[4,4,2,1,1,1]","46618[4,4,1,1,1,1,1]","45791[4,3,3,3]","189220[4,3,3,2,1]","136947[4,3,3,1,1,1]","100871[4,3,2,2,2]","195016[4,3,2,2,1,1]","127238[4,3,2,1,1,1,1]","34398[4,3,1,1,1,1,1,1]","58029[4,2,2,2,2,1]","65868[4,2,2,2,1,1,1]","36695[4,2,2,1,1,1,1,1]","10712[4,2,1,1,1,1,1,1,1]","1318[4,1,1,1,1,1,1,1,1,1]","29388[3,3,3,3,1]","37193[3,3,3,2,2]","66947[3,3,3,2,1,1]","34073[3,3,3,1,1,1,1]","48898[3,3,2,2,2,1]","53442[3,3,2,2,1,1,1]","27132[3,3,2,1,1,1,1,1]","6159[3,3,1,1,1,1,1,1,1]","10269[3,2,2,2,2,2]","21720[3,2,2,2,2,1,1]","17630[3,2,2,2,1,1,1,1]","7857[3,2,2,1,1,1,1,1,1]","1870[3,2,1,1,1,1,1,1,1,1]","170[3,1,1,1,1,1,1,1,1,1,1]","2448[2,2,2,2,2,2,1]","2946[2,2,2,2,2,1,1,1]","1841[2,2,2,2,1,1,1,1,1]","644[2,2,2,1,1,1,1,1,1,1]","114[2,2,1,1,1,1,1,1,1,1,1]","49[12,2]","57[12,1,1]","398[11,3]","837[11,2,1]","486[11,1,1,1]","1400[10,4]","4421[10,3,1]","2981[10,2,2]","4861[10,2,1,1]","1894[10,1,1,1,1]","2835[9,5]","12175[9,4,1]","15664[9,3,2]","19688[9,3,1,1]","16668[9,2,2,1]","14553[9,2,1,1,1]","4238[9,1,1,1,1,1]","3245[8,6]","19313[8,5,1]","37590[8,4,2]","43075[8,4,1,1]","21515[8,3,3]","71246[8,3,2,1]","46844[8,3,1,1,1]","22770[8,2,2,2]","42695[8,2,2,1,1]","25735[8,2,1,1,1,1]","5878[8,1,1,1,1,1,1]","1511[7,7]","15967[7,6,1]","47776[7,5,2]","52205[7,5,1,1]","53157[7,4,3]","136298[7,4,2,1]","80150[7,4,1,1,1]","85048[7,3,3,1]","86115[7,3,2,2]","146249[7,3,2,1,1]","65388[7,3,1,1,1,1]","59530[7,2,2,2,1]","61633[7,2,2,1,1,1]","28185[7,2,1,1,1,1,1]","5198[7,1,1,1,1,1,1,1]","22826[6,6,2]","24609[6,6,1,1]","52155[6,5,3]","122771[6,5,2,1]","68684[6,5,1,1,1]","30739[6,4,4]","161165[6,4,3,1]","130818[6,4,2,2]","212420[6,4,2,1,1]","84308[6,4,1,1,1,1]","104810[6,3,3,2]","140667[6,3,3,1,1]","177411[6,3,2,2,1]","164075[6,3,2,1,1,1]","55058[6,3,1,1,1,1,1]","36171[6,2,2,2,2]","72976[6,2,2,2,1,1]","53006[6,2,2,1,1,1,1]","19199[6,2,1,1,1,1,1,1]","2912[6,1,1,1,1,1,1,1,1]","20926[5,5,4]","87919[5,5,3,1]","67350[5,5,2,2]","107003[5,5,2,1,1]","40656[5,5,1,1,1,1]","66581[5,4,4,1]","142480[5,4,3,2]","184108[5,4,3,1,1]","188276[5,4,2,2,1]","165383[5,4,2,1,1,1]","49477[5,4,1,1,1,1,1]","41304[5,3,3,3]","166185[5,3,3,2,1]","118556[5,3,3,1,1,1]","84308[5,3,2,2,2]","161843[5,3,2,2,1,1]","104293[5,3,2,1,1,1,1]","27578[5,3,1,1,1,1,1,1]","43186[5,2,2,2,2,1]","48816[5,2,2,2,1,1,1]","27033[5,2,2,1,1,1,1,1]","7846[5,2,1,1,1,1,1,1,1]","966[5,1,1,1,1,1,1,1,1,1]","34185[4,4,4,2]","41150[4,4,4,1,1]","32446[4,4,3,3]","120977[4,4,3,2,1]","82922[4,4,3,1,1,1]","49642[4,4,2,2,2]","93703[4,4,2,2,1,1]","57462[4,4,2,1,1,1,1]","13778[4,4,1,1,1,1,1,1]","48081[4,3,3,3,1]","58361[4,3,3,2,2]","103271[4,3,3,2,1,1]","50772[4,3,3,1,1,1,1]","68155[4,3,2,2,2,1]","72987[4,3,2,2,1,1,1]","35754[4,3,2,1,1,1,1,1]","7626[4,3,1,1,1,1,1,1,1]","10648[4,2,2,2,2,2]","22383[4,2,2,2,2,1,1]","17737[4,2,2,2,1,1,1,1]","7655[4,2,2,1,1,1,1,1,1]","1726[4,2,1,1,1,1,1,1,1,1]","147[4,1,1,1,1,1,1,1,1,1,1]","11228[3,3,3,3,2]","16004[3,3,3,3,1,1]","24646[3,3,3,2,2,1]","24105[3,3,3,2,1,1,1]","8970[3,3,3,1,1,1,1,1]","8982[3,3,2,2,2,2]","18316[3,3,2,2,2,1,1]","13834[3,3,2,2,1,1,1,1]","5300[3,3,2,1,1,1,1,1,1]","908[3,3,1,1,1,1,1,1,1,1]","4521[3,2,2,2,2,2,1]","5293[3,2,2,2,2,1,1,1]","3123[3,2,2,2,1,1,1,1,1]","999[3,2,2,1,1,1,1,1,1,1]","149[3,2,1,1,1,1,1,1,1,1,1]","255[2,2,2,2,2,2,2]","557[2,2,2,2,2,2,1,1]","434[2,2,2,2,2,1,1,1,1]","187[2,2,2,2,1,1,1,1,1,1]","33[2,2,2,1,1,1,1,1,1,1,1]","28[12,3]","60[12,2,1]","43[12,1,1,1]","179[11,4]","554[11,3,1]","370[11,2,2]","675[11,2,1,1]","320[11,1,1,1,1]","517[10,5]","2177[10,4,1]","2749[10,3,2]","3682[10,3,1,1]","3092[10,2,2,1]","3033[10,2,1,1,1]","1041[10,1,1,1,1,1]","818[9,6]","4662[9,5,1]","8829[9,4,2]","10460[9,4,1,1]","4957[9,3,3]","17036[9,3,2,1]","11996[9,3,1,1,1]","5458[9,2,2,2]","10828[9,2,2,1,1]","7292[9,2,1,1,1,1]","1920[9,1,1,1,1,1,1]","674[8,7]","5603[8,6,1]","15274[8,5,2]","17007[8,5,1,1]","16297[8,4,3]","42391[8,4,2,1]","25841[8,4,1,1,1]","25864[8,3,3,1]","26185[8,3,2,2]","45957[8,3,2,1,1]","21890[8,3,1,1,1,1]","18505[8,2,2,2,1]","20379[8,2,2,1,1,1]","10277[8,2,1,1,1,1,1]","2152[8,1,1,1,1,1,1,1]","2614[7,7,1]","13250[7,6,2]","14297[7,6,1,1]","23503[7,5,3]","55206[7,5,2,1]","31270[7,5,1,1,1]","12892[7,4,4]","66227[7,4,3,1]","53351[7,4,2,2]","87685[7,4,2,1,1]","35766[7,4,1,1,1,1]","40950[7,3,3,2]","55750[7,3,3,1,1]","69602[7,3,2,2,1]","66325[7,3,2,1,1,1]","23405[7,3,1,1,1,1,1]","13891[7,2,2,2,2]","28723[7,2,2,2,1,1]","22068[7,2,2,1,1,1,1]","8674[7,2,1,1,1,1,1,1]","1472[7,1,1,1,1,1,1,1,1]","11890[6,6,3]","26824[6,6,2,1]","14677[6,6,1,1,1]","16599[6,5,4]","66507[6,5,3,1]","49820[6,5,2,2]","79207[6,5,2,1,1]","29954[6,5,1,1,1,1]","40302[6,4,4,1]","82082[6,4,3,2]","105901[6,4,3,1,1]","105994[6,4,2,2,1]","93526[6,4,2,1,1,1]","28226[6,4,1,1,1,1,1]","21528[6,3,3,3]","85783[6,3,3,2,1]","61489[6,3,3,1,1,1]","42403[6,3,2,2,2]","82140[6,3,2,2,1,1]","53874[6,3,2,1,1,1,1]","14706[6,3,1,1,1,1,1,1]","20714[6,2,2,2,2,1]","23934[6,2,2,2,1,1,1]","13815[6,2,2,1,1,1,1,1]","4279[6,2,1,1,1,1,1,1,1]","579[6,1,1,1,1,1,1,1,1,1]","3422[5,5,5]","27870[5,5,4,1]","46037[5,5,3,2]","58121[5,5,3,1,1]","54615[5,5,2,2,1]","46620[5,5,2,1,1,1]","13131[5,5,1,1,1,1,1]","37210[5,4,4,2]","44087[5,4,4,1,1]","32240[5,4,3,3]","117028[5,4,3,2,1]","79104[5,4,3,1,1,1]","45682[5,4,2,2,2]","85524[5,4,2,2,1,1]","51907[5,4,2,1,1,1,1]","12182[5,4,1,1,1,1,1,1]","35665[5,3,3,3,1]","42214[5,3,3,2,2]","74334[5,3,3,2,1,1]","36101[5,3,3,1,1,1,1]","46509[5,3,2,2,2,1]","49712[5,3,2,2,1,1,1]","24307[5,3,2,1,1,1,1,1]","5208[5,3,1,1,1,1,1,1,1]","6434[5,2,2,2,2,2]","13507[5,2,2,2,2,1,1]","10823[5,2,2,2,1,1,1,1]","4752[5,2,2,1,1,1,1,1,1]","1123[5,2,1,1,1,1,1,1,1,1]","102[5,1,1,1,1,1,1,1,1,1,1]","9838[4,4,4,3]","28178[4,4,4,2,1]","17350[4,4,4,1,1,1]","27955[4,4,3,3,1]","31097[4,4,3,2,2]","53503[4,4,3,2,1,1]","24653[4,4,3,1,1,1,1]","27079[4,4,2,2,2,1]","27932[4,4,2,2,1,1,1]","12762[4,4,2,1,1,1,1,1]","2370[4,4,1,1,1,1,1,1,1]","15085[4,3,3,3,2]","21028[4,3,3,3,1,1]","31054[4,3,3,2,2,1]","29702[4,3,3,2,1,1,1]","10658[4,3,3,1,1,1,1,1]","10008[4,3,2,2,2,2]","20278[4,3,2,2,2,1,1]","14930[4,3,2,2,1,1,1,1]","5551[4,3,2,1,1,1,1,1,1]","902[4,3,1,1,1,1,1,1,1,1]","3655[4,2,2,2,2,2,1]","4226[4,2,2,2,2,1,1,1]","2449[4,2,2,2,1,1,1,1,1]","767[4,2,2,1,1,1,1,1,1,1]","117[4,2,1,1,1,1,1,1,1,1,1]","1322[3,3,3,3,3]","5832[3,3,3,3,2,1]","4297[3,3,3,3,1,1,1]","3572[3,3,3,2,2,2]","6928[3,3,3,2,2,1,1]","4525[3,3,3,2,1,1,1,1]","1231[3,3,3,1,1,1,1,1,1]","2955[3,3,2,2,2,2,1]","3295[3,3,2,2,2,1,1,1]","1748[3,3,2,2,1,1,1,1,1]","472[3,3,2,1,1,1,1,1,1,1]","45[3,3,1,1,1,1,1,1,1,1,1]","356[3,2,2,2,2,2,2]","735[3,2,2,2,2,2,1,1]","560[3,2,2,2,2,1,1,1,1]","214[3,2,2,2,1,1,1,1,1,1]","35[3,2,2,1,1,1,1,1,1,1,1]","41[2,2,2,2,2,2,2,1]","41[2,2,2,2,2,2,1,1,1]","20[2,2,2,2,2,1,1,1,1,1]","2[2,2,2,2,1,1,1,1,1,1,1]","9[12,4]","26[12,3,1]","14[12,2,2]","41[12,2,1,1]","28[12,1,1,1,1]","51[11,5]","196[11,4,1]","229[11,3,2]","366[11,3,1,1]","299[11,2,2,1]","385[11,2,1,1,1]","181[11,1,1,1,1,1]","112[10,6]","623[10,5,1]","1121[10,4,2]","1474[10,4,1,1]","619[10,3,3]","2327[10,3,2,1]","1941[10,3,1,1,1]","741[10,2,2,2]","1724[10,2,2,1,1]","1456[10,2,1,1,1,1]","495[10,1,1,1,1,1,1]","139[9,7]","1060[9,6,1]","2755[9,5,2]","3220[9,5,1,1]","2844[9,4,3]","7815[9,4,2,1]","5260[9,4,1,1,1]","4667[9,3,3,1]","4791[9,3,2,2]","9162[9,3,2,1,1]","5101[9,3,1,1,1,1]","3661[9,2,2,2,1]","4673[9,2,2,1,1,1]","2874[9,2,1,1,1,1,1]","740[9,1,1,1,1,1,1,1]","58[8,8]","897[8,7,1]","3558[8,6,2]","3982[8,6,1,1]","5815[8,5,3]","14052[8,5,2,1]","8402[8,5,1,1,1]","3081[8,4,4]","16124[8,4,3,1]","13011[8,4,2,2]","22497[8,4,2,1,1]","10025[8,4,1,1,1,1]","9728[8,3,3,2]","13898[8,3,3,1,1]","17337[8,3,2,2,1]","18074[8,3,2,1,1,1]","7285[8,3,1,1,1,1,1]","3427[8,2,2,2,2]","7701[8,2,2,2,1,1]","6764[8,2,2,1,1,1,1]","3155[8,2,1,1,1,1,1,1]","641[8,1,1,1,1,1,1,1,1]","1742[7,7,2]","1860[7,7,1,1]","5499[7,6,3]","12499[7,6,2,1]","6992[7,6,1,1,1]","6116[7,5,4]","24167[7,5,3,1]","18075[7,5,2,2]","29257[7,5,2,1,1]","11526[7,5,1,1,1,1]","13631[7,4,4,1]","27032[7,4,3,2]","35616[7,4,3,1,1]","35375[7,4,2,2,1]","32568[7,4,2,1,1,1]","10535[7,4,1,1,1,1,1]","6673[7,3,3,3]","27204[7,3,3,2,1]","20428[7,3,3,1,1,1]","13397[7,3,2,2,2]","26947[7,3,2,2,1,1]","19111[7,3,2,1,1,1,1]","5806[7,3,1,1,1,1,1,1]","6584[7,2,2,2,2,1]","8212[7,2,2,2,1,1,1]","5342[7,2,2,1,1,1,1,1]","1914[7,2,1,1,1,1,1,1,1]","307[7,1,1,1,1,1,1,1,1,1]","3431[6,6,4]","12518[6,6,3,1]","8998[6,6,2,2]","14247[6,6,2,1,1]","5232[6,6,1,1,1,1]","2482[6,5,5]","18183[6,5,4,1]","28578[6,5,3,2]","36066[6,5,3,1,1]","33259[6,5,2,2,1]","28583[6,5,2,1,1,1]","8150[6,5,1,1,1,1,1]","18456[6,4,4,2]","21902[6,4,4,1,1]","15269[6,4,3,3]","54977[6,4,3,2,1]","37466[6,4,3,1,1,1]","20918[6,4,2,2,2]","39712[6,4,2,2,1,1]","24664[6,4,2,1,1,1,1]","6039[6,4,1,1,1,1,1,1]","14942[6,3,3,3,1]","17533[6,3,3,2,2]","31238[6,3,3,2,1,1]","15616[6,3,3,1,1,1,1]","19038[6,3,2,2,2,1]","21002[6,3,2,2,1,1,1]","10865[6,3,2,1,1,1,1,1]","2532[6,3,1,1,1,1,1,1,1]","2437[6,2,2,2,2,2]","5324[6,2,2,2,2,1,1]","4536[6,2,2,2,1,1,1,1]","2209[6,2,2,1,1,1,1,1,1]","593[6,2,1,1,1,1,1,1,1,1]","64[6,1,1,1,1,1,1,1,1,1,1]","3906[5,5,5,1]","13297[5,5,4,2]","15310[5,5,4,1,1]","9008[5,5,3,3]","31112[5,5,3,2,1]","20361[5,5,3,1,1,1]","10998[5,5,2,2,2]","20136[5,5,2,2,1,1]","11787[5,5,2,1,1,1,1]","2556[5,5,1,1,1,1,1,1]","9050[5,4,4,3]","25073[5,4,4,2,1]","15179[5,4,4,1,1,1]","22567[5,4,3,3,1]","24476[5,4,3,2,2]","41838[5,4,3,2,1,1]","19018[5,4,3,1,1,1,1]","20060[5,4,2,2,2,1]","20641[5,4,2,2,1,1,1]","9397[5,4,2,1,1,1,1,1]","1754[5,4,1,1,1,1,1,1,1]","8917[5,3,3,3,2]","12409[5,3,3,3,1,1]","17825[5,3,3,2,2,1]","17036[5,3,3,2,1,1,1]","6111[5,3,3,1,1,1,1,1]","5408[5,3,2,2,2,2]","10965[5,3,2,2,2,1,1]","8197[5,3,2,2,1,1,1,1]","3126[5,3,2,1,1,1,1,1,1]","543[5,3,1,1,1,1,1,1,1,1]","1695[5,2,2,2,2,2,1]","2000[5,2,2,2,2,1,1,1]","1211[5,2,2,2,1,1,1,1,1]","411[5,2,2,1,1,1,1,1,1,1]","71[5,2,1,1,1,1,1,1,1,1,1]","1078[4,4,4,4]","6877[4,4,4,3,1]","5998[4,4,4,2,2]","9839[4,4,4,2,1,1]","3982[4,4,4,1,1,1,1]","7130[4,4,3,3,2]","9563[4,4,3,3,1,1]","12973[4,4,3,2,2,1]","11867[4,4,3,2,1,1,1]","3945[4,4,3,1,1,1,1,1]","3096[4,4,2,2,2,2]","6181[4,4,2,2,2,1,1]","4283[4,4,2,2,1,1,1,1]","1463[4,4,2,1,1,1,1,1,1]","198[4,4,1,1,1,1,1,1,1,1]","1414[4,3,3,3,3]","6009[4,3,3,3,2,1]","4324[4,3,3,3,1,1,1]","3485[4,3,3,2,2,2]","6634[4,3,3,2,2,1,1]","4221[4,3,3,2,1,1,1,1]","1103[4,3,3,1,1,1,1,1,1]","2478[4,3,2,2,2,2,1]","2715[4,3,2,2,2,1,1,1]","1410[4,3,2,2,1,1,1,1,1]","370[4,3,2,1,1,1,1,1,1,1]","38[4,3,1,1,1,1,1,1,1,1,1]","198[4,2,2,2,2,2,2]","423[4,2,2,2,2,2,1,1]","312[4,2,2,2,2,1,1,1,1]","121[4,2,2,2,1,1,1,1,1,1]","20[4,2,2,1,1,1,1,1,1,1,1]","519[3,3,3,3,3,1]","632[3,3,3,3,2,2]","1119[3,3,3,3,2,1,1]","510[3,3,3,3,1,1,1,1]","809[3,3,3,2,2,2,1]","823[3,3,3,2,2,1,1,1]","354[3,3,3,2,1,1,1,1,1]","66[3,3,3,1,1,1,1,1,1,1]","164[3,3,2,2,2,2,2]","311[3,3,2,2,2,2,1,1]","221[3,3,2,2,2,1,1,1,1]","66[3,3,2,2,1,1,1,1,1,1]","8[3,3,2,1,1,1,1,1,1,1,1]","32[3,2,2,2,2,2,2,1]","32[3,2,2,2,2,2,1,1,1]","13[3,2,2,2,2,1,1,1,1,1]","1[3,2,2,2,1,1,1,1,1,1,1]","1[2,2,2,2,2,2,2,1,1]","3[12,5]","6[12,4,1]","4[12,3,2]","13[12,3,1,1]","9[12,2,2,1]","23[12,2,1,1,1]","18[12,1,1,1,1,1]","8[11,6]","38[11,5,1]","57[11,4,2]","101[11,4,1,1]","27[11,3,3]","139[11,3,2,1]","179[11,3,1,1,1]","43[11,2,2,2]","145[11,2,2,1,1]","192[11,2,1,1,1,1]","94[11,1,1,1,1,1,1]","14[10,7]","99[10,6,1]","236[10,5,2]","319[10,5,1,1]","229[10,4,3]","732[10,4,2,1]","633[10,4,1,1,1]","422[10,3,3,1]","438[10,3,2,2]","1055[10,3,2,1,1]","807[10,3,1,1,1,1]","405[10,2,2,2,1]","714[10,2,2,1,1,1]","612[10,2,1,1,1,1,1]","212[10,1,1,1,1,1,1,1]","9[9,8]","125[9,7,1]","462[9,6,2]","560[9,6,1,1]","713[9,5,3]","1896[9,5,2,1]","1314[9,5,1,1,1]","375[9,4,4]","2099[9,4,3,1]","1726[9,4,2,2]","3395[9,4,2,1,1]","1873[9,4,1,1,1,1]","1244[9,3,3,2]","2048[9,3,3,1,1]","2540[9,3,2,2,1]","3281[9,3,2,1,1,1]","1704[9,3,1,1,1,1,1]","503[9,2,2,2,2]","1354[9,2,2,2,1,1]","1561[9,2,2,1,1,1,1]","947[9,2,1,1,1,1,1,1]","248[9,1,1,1,1,1,1,1,1]","58[8,8,1]","420[8,7,2]","481[8,7,1,1]","1066[8,6,3]","2570[8,6,2,1]","1557[8,6,1,1,1]","1114[8,5,4]","4576[8,5,3,1]","3473[8,5,2,2]","6040[8,5,2,1,1]","2683[8,5,1,1,1,1]","2507[8,4,4,1]","4912[8,4,3,2]","6980[8,4,3,1,1]","6953[8,4,2,2,1]","7260[8,4,2,1,1,1]","2787[8,4,1,1,1,1,1]","1156[8,3,3,3]","5103[8,3,3,2,1]","4386[8,3,3,1,1,1]","2541[8,3,2,2,2]","5737[8,3,2,2,1,1]","4890[8,3,2,1,1,1,1]","1830[8,3,1,1,1,1,1,1]","1353[8,2,2,2,2,1]","2034[8,2,2,2,1,1,1]","1656[8,2,2,1,1,1,1,1]","740[8,2,1,1,1,1,1,1,1]","148[8,1,1,1,1,1,1,1,1,1]","548[7,7,3]","1268[7,7,2,1]","723[7,7,1,1,1]","1239[7,6,4]","4510[7,6,3,1]","3296[7,6,2,2]","5333[7,6,2,1,1]","2066[7,6,1,1,1,1]","733[7,5,5]","5275[7,5,4,1]","8107[7,5,3,2]","10565[7,5,3,1,1]","9754[7,5,2,2,1]","8852[7,5,2,1,1,1]","2734[7,5,1,1,1,1,1]","4875[7,4,4,2]","5949[7,4,4,1,1]","3867[7,4,3,3]","14443[7,4,3,2,1]","10490[7,4,3,1,1,1]","5530[7,4,2,2,2]","11039[7,4,2,2,1,1]","7576[7,4,2,1,1,1,1]","2106[7,4,1,1,1,1,1,1]","3618[7,3,3,3,1]","4267[7,3,3,2,2]","8093[7,3,3,2,1,1]","4513[7,3,3,1,1,1,1]","4884[7,3,2,2,2,1]","5995[7,3,2,2,1,1,1]","3607[7,3,2,1,1,1,1,1]","1000[7,3,1,1,1,1,1,1,1]","594[7,2,2,2,2,2]","1418[7,2,2,2,2,1,1]","1436[7,2,2,2,1,1,1,1]","845[7,2,2,1,1,1,1,1,1]","276[7,2,1,1,1,1,1,1,1,1]","36[7,1,1,1,1,1,1,1,1,1,1]","546[6,6,5]","3078[6,6,4,1]","4401[6,6,3,2]","5477[6,6,3,1,1]","4925[6,6,2,2,1]","4144[6,6,2,1,1,1]","1139[6,6,1,1,1,1,1]","2304[6,5,5,1]","7033[6,5,4,2]","8108[6,5,4,1,1]","4542[6,5,3,3]","15582[6,5,3,2,1]","10269[6,5,3,1,1,1]","5414[6,5,2,2,2]","10067[6,5,2,2,1,1]","5995[6,5,2,1,1,1,1]","1350[6,5,1,1,1,1,1,1]","3641[6,4,4,3]","10023[6,4,4,2,1]","6128[6,4,4,1,1,1]","8457[6,4,3,3,1]","9116[6,4,3,2,2]","15823[6,4,3,2,1,1]","7431[6,4,3,1,1,1,1]","7437[6,4,2,2,2,1]","7925[6,4,2,2,1,1,1]","3835[6,4,2,1,1,1,1,1]","780[6,4,1,1,1,1,1,1,1]","2869[6,3,3,3,2]","4066[6,3,3,3,1,1]","5797[6,3,3,2,2,1]","5797[6,3,3,2,1,1,1]","2245[6,3,3,1,1,1,1,1]","1702[6,3,2,2,2,2]","3620[6,3,2,2,2,1,1]","2936[6,3,2,2,1,1,1,1]","1264[6,3,2,1,1,1,1,1,1]","254[6,3,1,1,1,1,1,1,1,1]","491[6,2,2,2,2,2,1]","639[6,2,2,2,2,1,1,1]","451[6,2,2,2,1,1,1,1,1]","181[6,2,2,1,1,1,1,1,1,1]","38[6,2,1,1,1,1,1,1,1,1,1]","1646[5,5,5,2]","1805[5,5,5,1,1]","2820[5,5,4,3]","7347[5,5,4,2,1]","4259[5,5,4,1,1,1]","5132[5,5,3,3,1]","5310[5,5,3,2,2]","8861[5,5,3,2,1,1]","3802[5,5,3,1,1,1,1]","3841[5,5,2,2,2,1]","3823[5,5,2,2,1,1,1]","1618[5,5,2,1,1,1,1,1]","275[5,5,1,1,1,1,1,1,1]","872[5,4,4,4]","5073[5,4,4,3,1]","4317[5,4,4,2,2]","6966[5,4,4,2,1,1]","2768[5,4,4,1,1,1,1]","4520[5,4,3,3,2]","6045[5,4,3,3,1,1]","7978[5,4,3,2,2,1]","7247[5,4,3,2,1,1,1]","2378[5,4,3,1,1,1,1,1]","1809[5,4,2,2,2,2]","3570[5,4,2,2,2,1,1]","2496[5,4,2,2,1,1,1,1]","856[5,4,2,1,1,1,1,1,1]","124[5,4,1,1,1,1,1,1,1,1]","640[5,3,3,3,3]","2671[5,3,3,3,2,1]","1919[5,3,3,3,1,1,1]","1500[5,3,3,2,2,2]","2880[5,3,3,2,2,1,1]","1856[5,3,3,2,1,1,1,1]","505[5,3,3,1,1,1,1,1,1]","993[5,3,2,2,2,2,1]","1115[5,3,2,2,2,1,1,1]","605[5,3,2,2,1,1,1,1,1]","174[5,3,2,1,1,1,1,1,1,1]","20[5,3,1,1,1,1,1,1,1,1,1]","64[5,2,2,2,2,2,2]","133[5,2,2,2,2,2,1,1]","109[5,2,2,2,2,1,1,1,1]","48[5,2,2,2,1,1,1,1,1,1]","9[5,2,2,1,1,1,1,1,1,1,1]","601[4,4,4,4,1]","1404[4,4,4,3,2]","1777[4,4,4,3,1,1]","1893[4,4,4,2,2,1]","1594[4,4,4,2,1,1,1]","457[4,4,4,1,1,1,1,1]","529[4,4,3,3,3]","2101[4,4,3,3,2,1]","1433[4,4,3,3,1,1,1]","1092[4,4,3,2,2,2]","2008[4,4,3,2,2,1,1]","1183[4,4,3,2,1,1,1,1]","272[4,4,3,1,1,1,1,1,1]","556[4,4,2,2,2,2,1]","569[4,4,2,2,2,1,1,1]","268[4,4,2,2,1,1,1,1,1]","57[4,4,2,1,1,1,1,1,1,1]","6[4,4,1,1,1,1,1,1,1,1,1]","389[4,3,3,3,3,1]","471[4,3,3,3,2,2]","801[4,3,3,3,2,1,1]","356[4,3,3,3,1,1,1,1]","548[4,3,3,2,2,2,1]","540[4,3,3,2,2,1,1,1]","223[4,3,3,2,1,1,1,1,1]","40[4,3,3,1,1,1,1,1,1,1]","88[4,3,2,2,2,2,2]","174[4,3,2,2,2,2,1,1]","115[4,3,2,2,2,1,1,1,1]","33[4,3,2,2,1,1,1,1,1,1]","4[4,3,2,1,1,1,1,1,1,1,1]","9[4,2,2,2,2,2,2,1]","9[4,2,2,2,2,2,1,1,1]","4[4,2,2,2,2,1,1,1,1,1]","42[3,3,3,3,3,2]","55[3,3,3,3,3,1,1]","82[3,3,3,3,2,2,1]","67[3,3,3,3,2,1,1,1]","18[3,3,3,3,1,1,1,1,1]","25[3,3,3,2,2,2,2]","46[3,3,3,2,2,2,1,1]","25[3,3,3,2,2,1,1,1,1]","5[3,3,3,2,1,1,1,1,1,1]","6[3,3,2,2,2,2,2,1]","6[3,3,2,2,2,2,1,1,1]","1[3,3,2,2,2,1,1,1,1,1]","1[12,5,1]","3[12,4,1,1]","1[12,3,2,1]","6[12,3,1,1,1]","4[12,2,2,1,1]","12[12,2,1,1,1,1]","11[12,1,1,1,1,1,1]","1[11,7]","4[11,6,1]","6[11,5,2]","13[11,5,1,1]","5[11,4,3]","23[11,4,2,1]","39[11,4,1,1,1]","11[11,3,3,1]","11[11,3,2,2]","54[11,3,2,1,1]","78[11,3,1,1,1,1]","17[11,2,2,2,1]","60[11,2,2,1,1,1]","89[11,2,1,1,1,1,1]","46[11,1,1,1,1,1,1,1]","7[10,7,1]","22[10,6,2]","36[10,6,1,1]","31[10,5,3]","107[10,5,2,1]","109[10,5,1,1,1]","14[10,4,4]","112[10,4,3,1]","89[10,4,2,2]","262[10,4,2,1,1]","220[10,4,1,1,1,1]","63[10,3,3,2]","150[10,3,3,1,1]","177[10,3,2,2,1]","367[10,3,2,1,1,1]","290[10,3,1,1,1,1,1]","31[10,2,2,2,2]","140[10,2,2,2,1,1]","252[10,2,2,1,1,1,1]","228[10,2,1,1,1,1,1,1]","81[10,1,1,1,1,1,1,1,1]","5[9,8,1]","35[9,7,2]","44[9,7,1,1]","79[9,6,3]","230[9,6,2,1]","170[9,6,1,1,1]","83[9,5,4]","385[9,5,3,1]","312[9,5,2,2]","650[9,5,2,1,1]","388[9,5,1,1,1,1]","213[9,4,4,1]","407[9,4,3,2]","720[9,4,3,1,1]","719[9,4,2,2,1]","1011[9,4,2,1,1,1]","537[9,4,1,1,1,1,1]","86[9,3,3,3]","493[9,3,3,2,1]","591[9,3,3,1,1,1]","250[9,3,2,2,2]","742[9,3,2,2,1,1]","908[9,3,2,1,1,1,1]","462[9,3,1,1,1,1,1,1]","162[9,2,2,2,2,1]","354[9,2,2,2,1,1,1]","413[9,2,2,1,1,1,1,1]","248[9,2,1,1,1,1,1,1,1]","66[9,1,1,1,1,1,1,1,1,1]","14[8,8,2]","23[8,8,1,1]","82[8,7,3]","216[8,7,2,1]","140[8,7,1,1,1]","155[8,6,4]","625[8,6,3,1]","477[8,6,2,2]","862[8,6,2,1,1]","382[8,6,1,1,1,1]","90[8,5,5]","702[8,5,4,1]","1077[8,5,3,2]","1572[8,5,3,1,1]","1491[8,5,2,2,1]","1592[8,5,2,1,1,1]","599[8,5,1,1,1,1,1]","624[8,4,4,2]","867[8,4,4,1,1]","477[8,4,3,3]","2019[8,4,3,2,1]","1782[8,4,3,1,1,1]","795[8,4,2,2,2]","1880[8,4,2,2,1,1]","1621[8,4,2,1,1,1,1]","575[8,4,1,1,1,1,1,1]","458[8,3,3,3,1]","556[8,3,3,2,2]","1261[8,3,3,2,1,1]","919[8,3,3,1,1,1,1]","752[8,3,2,2,2,1]","1195[8,3,2,2,1,1,1]","947[8,3,2,1,1,1,1,1]","336[8,3,1,1,1,1,1,1,1]","77[8,2,2,2,2,2]","256[8,2,2,2,2,1,1]","352[8,2,2,2,1,1,1,1]","278[8,2,2,1,1,1,1,1,1]","115[8,2,1,1,1,1,1,1,1,1]","20[8,1,1,1,1,1,1,1,1,1,1]","91[7,7,4]","327[7,7,3,1]","264[7,7,2,2]","413[7,7,2,1,1]","164[7,7,1,1,1,1]","145[7,6,5]","832[7,6,4,1]","1183[7,6,3,2]","1535[7,6,3,1,1]","1441[7,6,2,2,1]","1273[7,6,2,1,1,1]","374[7,6,1,1,1,1,1]","521[7,5,5,1]","1549[7,5,4,2]","1861[7,5,4,1,1]","940[7,5,3,3]","3473[7,5,3,2,1]","2485[7,5,3,1,1,1]","1266[7,5,2,2,2]","2465[7,5,2,2,1,1]","1632[7,5,2,1,1,1,1]","410[7,5,1,1,1,1,1,1]","714[7,4,4,3]","2070[7,4,4,2,1]","1378[7,4,4,1,1,1]","1625[7,4,3,3,1]","1794[7,4,3,2,2]","3381[7,4,3,2,1,1]","1828[7,4,3,1,1,1,1]","1607[7,4,2,2,2,1]","1942[7,4,2,2,1,1,1]","1113[7,4,2,1,1,1,1,1]","268[7,4,1,1,1,1,1,1,1]","481[7,3,3,3,2]","767[7,3,3,3,1,1]","1084[7,3,3,2,2,1]","1278[7,3,3,2,1,1,1]","602[7,3,3,1,1,1,1,1]","322[7,3,2,2,2,2]","773[7,3,2,2,2,1,1]","782[7,3,2,2,1,1,1,1]","416[7,3,2,1,1,1,1,1,1]","104[7,3,1,1,1,1,1,1,1,1]","84[7,2,2,2,2,2,1]","146[7,2,2,2,2,1,1,1]","137[7,2,2,2,1,1,1,1,1]","69[7,2,2,1,1,1,1,1,1,1]","18[7,2,1,1,1,1,1,1,1,1,1]","34[6,6,6]","410[6,6,5,1]","965[6,6,4,2]","1093[6,6,4,1,1]","577[6,6,3,3]","1921[6,6,3,2,1]","1208[6,6,3,1,1,1]","658[6,6,2,2,2]","1216[6,6,2,2,1,1]","667[6,6,2,1,1,1,1]","140[6,6,1,1,1,1,1,1]","791[6,5,5,2]","854[6,5,5,1,1]","1206[6,5,4,3]","3112[6,5,4,2,1]","1805[6,5,4,1,1,1]","2017[6,5,3,3,1]","2104[6,5,3,2,2]","3532[6,5,3,2,1,1]","1541[6,5,3,1,1,1,1]","1556[6,5,2,2,2,1]","1570[6,5,2,2,1,1,1]","682[6,5,2,1,1,1,1,1]","121[6,5,1,1,1,1,1,1,1]","280[6,4,4,4]","1595[6,4,4,3,1]","1345[6,4,4,2,2]","2219[6,4,4,2,1,1]","909[6,4,4,1,1,1,1]","1276[6,4,3,3,2]","1733[6,4,3,3,1,1]","2304[6,4,3,2,2,1]","2187[6,4,3,2,1,1,1]","774[6,4,3,1,1,1,1,1]","512[6,4,2,2,2,2]","1074[6,4,2,2,2,1,1]","801[6,4,2,2,1,1,1,1]","307[6,4,2,1,1,1,1,1,1]","49[6,4,1,1,1,1,1,1,1,1]","141[6,3,3,3,3]","617[6,3,3,3,2,1]","475[6,3,3,3,1,1,1]","349[6,3,3,2,2,2]","708[6,3,3,2,2,1,1]","516[6,3,3,2,1,1,1,1]","162[6,3,3,1,1,1,1,1,1]","231[6,3,2,2,2,2,1]","293[6,3,2,2,2,1,1,1]","189[6,3,2,2,1,1,1,1,1]","64[6,3,2,1,1,1,1,1,1,1]","9[6,3,1,1,1,1,1,1,1,1,1]","8[6,2,2,2,2,2,2]","26[6,2,2,2,2,2,1,1]","27[6,2,2,2,2,1,1,1,1]","16[6,2,2,2,1,1,1,1,1,1]","3[6,2,2,1,1,1,1,1,1,1,1]","333[5,5,5,3]","767[5,5,5,2,1]","403[5,5,5,1,1,1]","266[5,5,4,4]","1297[5,5,4,3,1]","1044[5,5,4,2,2]","1607[5,5,4,2,1,1]","580[5,5,4,1,1,1,1]","810[5,5,3,3,2]","1068[5,5,3,3,1,1]","1334[5,5,3,2,2,1]","1138[5,5,3,2,1,1,1]","323[5,5,3,1,1,1,1,1]","285[5,5,2,2,2,2]","518[5,5,2,2,2,1,1]","336[5,5,2,2,1,1,1,1]","93[5,5,2,1,1,1,1,1,1]","13[5,5,1,1,1,1,1,1,1,1]","379[5,4,4,4,1]","810[5,4,4,3,2]","1003[5,4,4,3,1,1]","1041[5,4,4,2,2,1]","857[5,4,4,2,1,1,1]","237[5,4,4,1,1,1,1,1]","251[5,4,3,3,3]","973[5,4,3,3,2,1]","653[5,4,3,3,1,1,1]","497[5,4,3,2,2,2]","903[5,4,3,2,2,1,1]","522[5,4,3,2,1,1,1,1]","119[5,4,3,1,1,1,1,1,1]","238[5,4,2,2,2,2,1]","242[5,4,2,2,2,1,1,1]","111[5,4,2,2,1,1,1,1,1]","24[5,4,2,1,1,1,1,1,1,1]","3[5,4,1,1,1,1,1,1,1,1,1]","118[5,3,3,3,3,1]","134[5,3,3,3,2,2]","238[5,3,3,3,2,1,1]","104[5,3,3,3,1,1,1,1]","158[5,3,3,2,2,2,1]","161[5,3,3,2,2,1,1,1]","70[5,3,3,2,1,1,1,1,1]","15[5,3,3,1,1,1,1,1,1,1]","24[5,3,2,2,2,2,2]","43[5,3,2,2,2,2,1,1]","32[5,3,2,2,2,1,1,1,1]","9[5,3,2,2,1,1,1,1,1,1]","1[5,3,2,1,1,1,1,1,1,1,1]","1[5,2,2,2,2,2,2,1]","1[5,2,2,2,2,2,1,1,1]","1[5,2,2,2,2,1,1,1,1,1]","92[4,4,4,4,2]","108[4,4,4,4,1,1]","82[4,4,4,3,3]","288[4,4,4,3,2,1]","177[4,4,4,3,1,1,1]","109[4,4,4,2,2,2]","195[4,4,4,2,2,1,1]","98[4,4,4,2,1,1,1,1]","17[4,4,4,1,1,1,1,1,1]","92[4,4,3,3,3,1]","115[4,4,3,3,2,2]","175[4,4,3,3,2,1,1]","73[4,4,3,3,1,1,1,1]","111[4,4,3,2,2,2,1]","95[4,4,3,2,2,1,1,1]","33[4,4,3,2,1,1,1,1,1]","4[4,4,3,1,1,1,1,1,1,1]","11[4,4,2,2,2,2,2]","25[4,4,2,2,2,2,1,1]","10[4,4,2,2,2,1,1,1,1]","2[4,4,2,2,1,1,1,1,1,1]","18[4,3,3,3,3,2]","23[4,3,3,3,3,1,1]","33[4,3,3,3,2,2,1]","26[4,3,3,3,2,1,1,1]","6[4,3,3,3,1,1,1,1,1]","10[4,3,3,2,2,2,2]","16[4,3,3,2,2,2,1,1]","8[4,3,3,2,2,1,1,1,1]","1[4,3,3,2,1,1,1,1,1,1]","1[4,3,2,2,2,2,2,1]","1[4,3,2,2,2,2,1,1,1]","2[3,3,3,3,3,2,1]","2[3,3,3,3,2,2,1,1]","1[12,4,1,1,1]","3[12,3,1,1,1,1]","1[12,2,2,1,1,1]","6[12,2,1,1,1,1,1]","6[12,1,1,1,1,1,1,1]","1[11,6,1,1]","1[11,5,2,1]","4[11,5,1,1,1]","1[11,4,3,1]","6[11,4,2,1,1]","13[11,4,1,1,1,1]","4[11,3,3,1,1]","2[11,3,2,2,1]","18[11,3,2,1,1,1]","29[11,3,1,1,1,1,1]","5[11,2,2,2,1,1]","23[11,2,2,1,1,1,1]","37[11,2,1,1,1,1,1,1]","22[11,1,1,1,1,1,1,1,1]","1[10,7,2]","1[10,7,1,1]","1[10,6,3]","6[10,6,2,1]","8[10,6,1,1,1]","1[10,5,4]","8[10,5,3,1]","7[10,5,2,2]","28[10,5,2,1,1]","31[10,5,1,1,1,1]","5[10,4,4,1]","8[10,4,3,2]","29[10,4,3,1,1]","26[10,4,2,2,1]","75[10,4,2,1,1,1]","68[10,4,1,1,1,1,1]","1[10,3,3,3]","16[10,3,3,2,1]","42[10,3,3,1,1,1]","7[10,3,2,2,2]","46[10,3,2,2,1,1]","107[10,3,2,1,1,1,1]","88[10,3,1,1,1,1,1,1]","8[10,2,2,2,2,1]","36[10,2,2,2,1,1,1]","74[10,2,2,1,1,1,1,1]","68[10,2,1,1,1,1,1,1,1]","26[10,1,1,1,1,1,1,1,1,1]","1[9,8,1,1]","2[9,7,3]","10[9,7,2,1]","9[9,7,1,1,1]","5[9,6,4]","26[9,6,3,1]","24[9,6,2,2]","56[9,6,2,1,1]","36[9,6,1,1,1,1]","2[9,5,5]","31[9,5,4,1]","47[9,5,3,2]","101[9,5,3,1,1]","100[9,5,2,2,1]","159[9,5,2,1,1,1]","87[9,5,1,1,1,1,1]","28[9,4,4,2]","56[9,4,4,1,1]","18[9,4,3,3]","118[9,4,3,2,1]","171[9,4,3,1,1,1]","50[9,4,2,2,2]","176[9,4,2,2,1,1]","240[9,4,2,1,1,1,1]","122[9,4,1,1,1,1,1,1]","23[9,3,3,3,1]","26[9,3,3,2,2]","103[9,3,3,2,1,1]","125[9,3,3,1,1,1,1]","57[9,3,2,2,2,1]","156[9,3,2,2,1,1,1]","191[9,3,2,1,1,1,1,1]","96[9,3,1,1,1,1,1,1,1]","4[9,2,2,2,2,2]","25[9,2,2,2,2,1,1]","63[9,2,2,2,1,1,1,1]","74[9,2,2,1,1,1,1,1,1]","43[9,2,1,1,1,1,1,1,1,1]","10[9,1,1,1,1,1,1,1,1,1,1]","1[8,8,3]","5[8,8,2,1]","4[8,8,1,1,1]","6[8,7,4]","28[8,7,3,1]","29[8,7,2,2]","51[8,7,2,1,1]","22[8,7,1,1,1,1]","9[8,6,5]","68[8,6,4,1]","100[8,6,3,2]","154[8,6,3,1,1]","166[8,6,2,2,1]","172[8,6,2,1,1,1]","60[8,6,1,1,1,1,1]","43[8,5,5,1]","131[8,5,4,2]","191[8,5,4,1,1]","72[8,5,3,3]","343[8,5,3,2,1]","321[8,5,3,1,1,1]","141[8,5,2,2,2]","336[8,5,2,2,1,1]","285[8,5,2,1,1,1,1]","90[8,5,1,1,1,1,1,1]","55[8,4,4,3]","199[8,4,4,2,1]","180[8,4,4,1,1,1]","136[8,4,3,3,1]","160[8,4,3,2,2]","400[8,4,3,2,1,1]","306[8,4,3,1,1,1,1]","194[8,4,2,2,2,1]","323[8,4,2,2,1,1,1]","251[8,4,2,1,1,1,1,1]","77[8,4,1,1,1,1,1,1,1]","32[8,3,3,3,2]","75[8,3,3,3,1,1]","102[8,3,3,2,2,1]","184[8,3,3,2,1,1,1]","125[8,3,3,1,1,1,1,1]","28[8,3,2,2,2,2]","105[8,3,2,2,2,1,1]","157[8,3,2,2,1,1,1,1]","115[8,3,2,1,1,1,1,1,1]","37[8,3,1,1,1,1,1,1,1,1]","6[8,2,2,2,2,2,1]","22[8,2,2,2,2,1,1,1]","33[8,2,2,2,1,1,1,1,1]","23[8,2,2,1,1,1,1,1,1,1]","8[8,2,1,1,1,1,1,1,1,1,1]","6[7,7,5]","40[7,7,4,1]","60[7,7,3,2]","79[7,7,3,1,1]","90[7,7,2,2,1]","73[7,7,2,1,1,1]","18[7,7,1,1,1,1,1]","6[7,6,6]","75[7,6,5,1]","185[7,6,4,2]","219[7,6,4,1,1]","100[7,6,3,3]","392[7,6,3,2,1]","265[7,6,3,1,1,1]","165[7,6,2,2,2]","300[7,6,2,2,1,1]","171[7,6,2,1,1,1,1]","36[7,6,1,1,1,1,1,1]","131[7,5,5,2]","153[7,5,5,1,1]","185[7,5,4,3]","529[7,5,4,2,1]","343[7,5,4,1,1,1]","309[7,5,3,3,1]","346[7,5,3,2,2]","639[7,5,3,2,1,1]","320[7,5,3,1,1,1,1]","311[7,5,2,2,2,1]","347[7,5,2,2,1,1,1]","170[7,5,2,1,1,1,1,1]","34[7,5,1,1,1,1,1,1,1]","38[7,4,4,4]","228[7,4,4,3,1]","203[7,4,4,2,2]","375[7,4,4,2,1,1]","189[7,4,4,1,1,1,1]","159[7,4,3,3,2]","254[7,4,3,3,1,1]","348[7,4,3,2,2,1]","404[7,4,3,2,1,1,1]","179[7,4,3,1,1,1,1,1]","84[7,4,2,2,2,2]","199[7,4,2,2,2,1,1]","186[7,4,2,2,1,1,1,1]","86[7,4,2,1,1,1,1,1,1]","16[7,4,1,1,1,1,1,1,1,1]","13[7,3,3,3,3]","68[7,3,3,3,2,1]","70[7,3,3,3,1,1,1]","39[7,3,3,2,2,2]","103[7,3,3,2,2,1,1]","102[7,3,3,2,1,1,1,1]","42[7,3,3,1,1,1,1,1,1]","29[7,3,2,2,2,2,1]","54[7,3,2,2,2,1,1,1]","47[7,3,2,2,1,1,1,1,1]","20[7,3,2,1,1,1,1,1,1,1]","3[7,3,1,1,1,1,1,1,1,1,1]","2[7,2,2,2,2,2,1,1]","5[7,2,2,2,2,1,1,1,1]","4[7,2,2,2,1,1,1,1,1,1]","1[7,2,2,1,1,1,1,1,1,1,1]","21[6,6,6,1]","114[6,6,5,2]","115[6,6,5,1,1]","137[6,6,4,3]","341[6,6,4,2,1]","178[6,6,4,1,1,1]","194[6,6,3,3,1]","215[6,6,3,2,2]","332[6,6,3,2,1,1]","125[6,6,3,1,1,1,1]","168[6,6,2,2,2,1]","145[6,6,2,2,1,1,1]","50[6,6,2,1,1,1,1,1]","7[6,6,1,1,1,1,1,1,1]","135[6,5,5,3]","293[6,5,5,2,1]","148[6,5,5,1,1,1]","90[6,5,4,4]","431[6,5,4,3,1]","348[6,5,4,2,2]","536[6,5,4,2,1,1]","190[6,5,4,1,1,1,1]","239[6,5,3,3,2]","310[6,5,3,3,1,1]","410[6,5,3,2,2,1]","349[6,5,3,2,1,1,1]","99[6,5,3,1,1,1,1,1]","93[6,5,2,2,2,2]","177[6,5,2,2,2,1,1]","110[6,5,2,2,1,1,1,1]","30[6,5,2,1,1,1,1,1,1]","4[6,5,1,1,1,1,1,1,1,1]","91[6,4,4,4,1]","187[6,4,4,3,2]","236[6,4,4,3,1,1]","249[6,4,4,2,2,1]","214[6,4,4,2,1,1,1]","65[6,4,4,1,1,1,1,1]","46[6,4,3,3,3]","188[6,4,3,3,2,1]","135[6,4,3,3,1,1,1]","100[6,4,3,2,2,2]","192[6,4,3,2,2,1,1]","122[6,4,3,2,1,1,1,1]","31[6,4,3,1,1,1,1,1,1]","52[6,4,2,2,2,2,1]","57[6,4,2,2,2,1,1,1]","29[6,4,2,2,1,1,1,1,1]","6[6,4,2,1,1,1,1,1,1,1]","1[6,4,1,1,1,1,1,1,1,1,1]","15[6,3,3,3,3,1]","17[6,3,3,3,2,2]","33[6,3,3,3,2,1,1]","18[6,3,3,3,1,1,1,1]","22[6,3,3,2,2,2,1]","28[6,3,3,2,2,1,1,1]","15[6,3,3,2,1,1,1,1,1]","4[6,3,3,1,1,1,1,1,1,1]","2[6,3,2,2,2,2,2]","6[6,3,2,2,2,2,1,1]","6[6,3,2,2,2,1,1,1,1]","2[6,3,2,2,1,1,1,1,1,1]","42[5,5,5,4]","137[5,5,5,3,1]","91[5,5,5,2,2]","131[5,5,5,2,1,1]","36[5,5,5,1,1,1,1]","94[5,5,4,4,1]","167[5,5,4,3,2]","199[5,5,4,3,1,1]","188[5,5,4,2,2,1]","138[5,5,4,2,1,1,1]","27[5,5,4,1,1,1,1,1]","34[5,5,3,3,3]","125[5,5,3,3,2,1]","73[5,5,3,3,1,1,1]","62[5,5,3,2,2,2]","103[5,5,3,2,2,1,1]","47[5,5,3,2,1,1,1,1]","7[5,5,3,1,1,1,1,1,1]","28[5,5,2,2,2,2,1]","24[5,5,2,2,2,1,1,1]","6[5,5,2,2,1,1,1,1,1]","1[5,5,2,1,1,1,1,1,1,1]","44[5,4,4,4,2]","47[5,4,4,4,1,1]","34[5,4,4,3,3]","115[5,4,4,3,2,1]","68[5,4,4,3,1,1,1]","44[5,4,4,2,2,2]","72[5,4,4,2,2,1,1]","34[5,4,4,2,1,1,1,1]","5[5,4,4,1,1,1,1,1,1]","26[5,4,3,3,3,1]","31[5,4,3,3,2,2]","48[5,4,3,3,2,1,1]","18[5,4,3,3,1,1,1,1]","31[5,4,3,2,2,2,1]","25[5,4,3,2,2,1,1,1]","8[5,4,3,2,1,1,1,1,1]","1[5,4,3,1,1,1,1,1,1,1]","4[5,4,2,2,2,2,2]","6[5,4,2,2,2,2,1,1]","2[5,4,2,2,2,1,1,1,1]","2[5,3,3,3,3,2]","3[5,3,3,3,3,1,1]","4[5,3,3,3,2,2,1]","3[5,3,3,3,2,1,1,1]","1[5,3,3,3,1,1,1,1,1]","1[5,3,3,2,2,2,2]","2[5,3,3,2,2,2,1,1]","1[5,3,3,2,2,1,1,1,1]","4[4,4,4,4,3]","10[4,4,4,4,2,1]","5[4,4,4,4,1,1,1]","7[4,4,4,3,3,1]","9[4,4,4,3,2,2]","12[4,4,4,3,2,1,1]","5[4,4,4,3,1,1,1,1]","6[4,4,4,2,2,2,1]","3[4,4,4,2,2,1,1,1]","1[4,4,4,2,1,1,1,1,1]","2[4,4,3,3,3,2]","2[4,4,3,3,3,1,1]","3[4,4,3,3,2,2,1]","2[4,4,3,3,2,1,1,1]","1[4,4,3,2,2,2,2]","1[4,4,3,2,2,2,1,1]","1[12,3,1,1,1,1,1]","3[12,2,1,1,1,1,1,1]","3[12,1,1,1,1,1,1,1,1]","1[11,5,1,1,1,1]","1[11,4,2,1,1,1]","4[11,4,1,1,1,1,1]","1[11,3,3,1,1,1]","5[11,3,2,1,1,1,1]","9[11,3,1,1,1,1,1,1]","1[11,2,2,2,1,1,1]","7[11,2,2,1,1,1,1,1]","13[11,2,1,1,1,1,1,1,1]","9[11,1,1,1,1,1,1,1,1,1]","1[10,6,2,1,1]","1[10,6,1,1,1,1]","1[10,5,3,1,1]","1[10,5,2,2,1]","6[10,5,2,1,1,1]","7[10,5,1,1,1,1,1]","1[10,4,4,1,1]","1[10,4,3,2,1]","6[10,4,3,1,1,1]","6[10,4,2,2,1,1]","18[10,4,2,1,1,1,1]","18[10,4,1,1,1,1,1,1]","2[10,3,3,2,1,1]","9[10,3,3,1,1,1,1]","1[10,3,2,2,2,1]","9[10,3,2,2,1,1,1]","25[10,3,2,1,1,1,1,1]","21[10,3,1,1,1,1,1,1,1]","1[10,2,2,2,2,1,1]","5[10,2,2,2,1,1,1,1]","15[10,2,2,1,1,1,1,1,1]","13[10,2,1,1,1,1,1,1,1,1]","5[10,1,1,1,1,1,1,1,1,1,1]","1[9,7,2,2]","1[9,7,2,1,1]","1[9,7,1,1,1,1]","1[9,6,4,1]","1[9,6,3,2]","3[9,6,3,1,1]","6[9,6,2,2,1]","9[9,6,2,1,1,1]","5[9,6,1,1,1,1,1]","2[9,5,4,2]","6[9,5,4,1,1]","9[9,5,3,2,1]","19[9,5,3,1,1,1]","6[9,5,2,2,2]","20[9,5,2,2,1,1]","31[9,5,2,1,1,1,1]","13[9,5,1,1,1,1,1,1]","1[9,4,4,3]","6[9,4,4,2,1]","11[9,4,4,1,1,1]","2[9,4,3,3,1]","3[9,4,3,2,2]","20[9,4,3,2,1,1]","32[9,4,3,1,1,1,1]","10[9,4,2,2,2,1]","32[9,4,2,2,1,1,1]","43[9,4,2,1,1,1,1,1]","18[9,4,1,1,1,1,1,1,1]","3[9,3,3,3,1,1]","2[9,3,3,2,2,1]","14[9,3,3,2,1,1,1]","17[9,3,3,1,1,1,1,1]","1[9,3,2,2,2,2]","6[9,3,2,2,2,1,1]","22[9,3,2,2,1,1,1,1]","25[9,3,2,1,1,1,1,1,1]","12[9,3,1,1,1,1,1,1,1,1]","1[9,2,2,2,2,1,1,1]","5[9,2,2,2,1,1,1,1,1]","6[9,2,2,1,1,1,1,1,1,1]","3[9,2,1,1,1,1,1,1,1,1,1]","1[8,8,2,1,1]","1[8,7,4,1]","2[8,7,3,2]","3[8,7,3,1,1]","8[8,7,2,2,1]","6[8,7,2,1,1,1]","1[8,7,1,1,1,1,1]","2[8,6,5,1]","7[8,6,4,2]","12[8,6,4,1,1]","3[8,6,3,3]","22[8,6,3,2,1]","20[8,6,3,1,1,1]","14[8,6,2,2,2]","33[8,6,2,2,1,1]","20[8,6,2,1,1,1,1]","5[8,6,1,1,1,1,1,1]","6[8,5,5,2]","9[8,5,5,1,1]","7[8,5,4,3]","32[8,5,4,2,1]","33[8,5,4,1,1,1]","14[8,5,3,3,1]","20[8,5,3,2,2]","54[8,5,3,2,1,1]","41[8,5,3,1,1,1,1]","32[8,5,2,2,2,1]","50[8,5,2,2,1,1,1]","31[8,5,2,1,1,1,1,1]","7[8,5,1,1,1,1,1,1,1]","1[8,4,4,4]","11[8,4,4,3,1]","10[8,4,4,2,2]","34[8,4,4,2,1,1]","28[8,4,4,1,1,1,1]","5[8,4,3,3,2]","16[8,4,3,3,1,1]","22[8,4,3,2,2,1]","47[8,4,3,2,1,1,1]","32[8,4,3,1,1,1,1,1]","5[8,4,2,2,2,2]","24[8,4,2,2,2,1,1]","32[8,4,2,2,1,1,1,1]","21[8,4,2,1,1,1,1,1,1]","4[8,4,1,1,1,1,1,1,1,1]","2[8,3,3,3,2,1]","6[8,3,3,3,1,1,1]","1[8,3,3,2,2,2]","7[8,3,3,2,2,1,1]","14[8,3,3,2,1,1,1,1]","8[8,3,3,1,1,1,1,1,1]","1[8,3,2,2,2,2,1]","6[8,3,2,2,2,1,1,1]","9[8,3,2,2,1,1,1,1,1]","5[8,3,2,1,1,1,1,1,1,1]","1[8,3,1,1,1,1,1,1,1,1,1]","1[8,2,2,2,1,1,1,1,1,1]","1[7,7,5,1]","6[7,7,4,2]","6[7,7,4,1,1]","1[7,7,3,3]","14[7,7,3,2,1]","8[7,7,3,1,1,1]","13[7,7,2,2,2]","14[7,7,2,2,1,1]","6[7,7,2,1,1,1,1]","2[7,6,6,1]","13[7,6,5,2]","14[7,6,5,1,1]","15[7,6,4,3]","48[7,6,4,2,1]","26[7,6,4,1,1,1]","21[7,6,3,3,1]","34[7,6,3,2,2]","53[7,6,3,2,1,1]","20[7,6,3,1,1,1,1]","41[7,6,2,2,2,1]","32[7,6,2,2,1,1,1]","10[7,6,2,1,1,1,1,1]","1[7,6,1,1,1,1,1,1,1]","14[7,5,5,3]","37[7,5,5,2,1]","23[7,5,5,1,1,1]","9[7,5,4,4]","48[7,5,4,3,1]","43[7,5,4,2,2]","76[7,5,4,2,1,1]","33[7,5,4,1,1,1,1]","20[7,5,3,3,2]","37[7,5,3,3,1,1]","53[7,5,3,2,2,1]","54[7,5,3,2,1,1,1]","17[7,5,3,1,1,1,1,1]","18[7,5,2,2,2,2]","32[7,5,2,2,2,1,1]","24[7,5,2,2,1,1,1,1]","6[7,5,2,1,1,1,1,1,1]","1[7,5,1,1,1,1,1,1,1,1]","7[7,4,4,4,1]","16[7,4,4,3,2]","25[7,4,4,3,1,1]","30[7,4,4,2,2,1]","34[7,4,4,2,1,1,1]","15[7,4,4,1,1,1,1,1]","2[7,4,3,3,3]","14[7,4,3,3,2,1]","16[7,4,3,3,1,1,1]","8[7,4,3,2,2,2]","22[7,4,3,2,2,1,1]","20[7,4,3,2,1,1,1,1]","6[7,4,3,1,1,1,1,1,1]","6[7,4,2,2,2,2,1]","9[7,4,2,2,2,1,1,1]","6[7,4,2,2,1,1,1,1,1]","1[7,4,2,1,1,1,1,1,1,1]","1[7,3,3,3,3,1]","2[7,3,3,3,2,1,1]","1[7,3,3,3,1,1,1,1]","1[7,3,3,2,2,2,1]","3[7,3,3,2,2,1,1,1]","2[7,3,3,2,1,1,1,1,1]","1[7,3,3,1,1,1,1,1,1,1]","1[7,3,2,2,2,1,1,1,1]","4[6,6,6,2]","4[6,6,6,1,1]","17[6,6,5,3]","32[6,6,5,2,1]","12[6,6,5,1,1,1]","7[6,6,4,4]","37[6,6,4,3,1]","33[6,6,4,2,2]","43[6,6,4,2,1,1]","10[6,6,4,1,1,1,1]","20[6,6,3,3,2]","18[6,6,3,3,1,1]","34[6,6,3,2,2,1]","20[6,6,3,2,1,1,1]","3[6,6,3,1,1,1,1,1]","9[6,6,2,2,2,2]","18[6,6,2,2,2,1,1]","5[6,6,2,2,1,1,1,1]","1[6,6,2,1,1,1,1,1,1]","15[6,5,5,4]","44[6,5,5,3,1]","28[6,5,5,2,2]","37[6,5,5,2,1,1]","9[6,5,5,1,1,1,1]","23[6,5,4,4,1]","42[6,5,4,3,2]","48[6,5,4,3,1,1]","48[6,5,4,2,2,1]","34[6,5,4,2,1,1,1]","6[6,5,4,1,1,1,1,1]","6[6,5,3,3,3]","23[6,5,3,3,2,1]","13[6,5,3,3,1,1,1]","14[6,5,3,2,2,2]","22[6,5,3,2,2,1,1]","9[6,5,3,2,1,1,1,1]","1[6,5,3,1,1,1,1,1,1]","8[6,5,2,2,2,2,1]","6[6,5,2,2,2,1,1,1]","1[6,5,2,2,1,1,1,1,1]","6[6,4,4,4,2]","7[6,4,4,4,1,1]","5[6,4,4,3,3]","17[6,4,4,3,2,1]","11[6,4,4,3,1,1,1]","6[6,4,4,2,2,2]","12[6,4,4,2,2,1,1]","6[6,4,4,2,1,1,1,1]","1[6,4,4,1,1,1,1,1,1]","2[6,4,3,3,3,1]","3[6,4,3,3,2,2]","4[6,4,3,3,2,1,1]","2[6,4,3,3,1,1,1,1]","3[6,4,3,2,2,2,1]","3[6,4,3,2,2,1,1,1]","1[6,4,3,2,1,1,1,1,1]","1[6,4,2,2,2,2,1,1]","4[5,5,5,5]","15[5,5,5,4,1]","14[5,5,5,3,2]","18[5,5,5,3,1,1]","11[5,5,5,2,2,1]","6[5,5,5,2,1,1,1]","9[5,5,4,4,2]","8[5,5,4,4,1,1]","5[5,5,4,3,3]","16[5,5,4,3,2,1]","7[5,5,4,3,1,1,1]","6[5,5,4,2,2,2]","7[5,5,4,2,2,1,1]","2[5,5,4,2,1,1,1,1]","2[5,5,3,3,3,1]","1[5,5,3,3,2,2]","3[5,5,3,3,2,1,1]","2[5,5,3,2,2,2,1]","1[5,5,3,2,2,1,1,1]","1[5,5,2,2,2,2,2]","1[5,4,4,4,3]","2[5,4,4,4,2,1]","1[5,4,4,4,1,1,1]","1[5,4,4,3,3,1]","2[5,4,4,3,2,2]","2[5,4,4,3,2,1,1]","1[5,4,4,3,1,1,1,1]","1[5,4,4,2,2,2,1]","1[12,2,1,1,1,1,1,1,1]","2[12,1,1,1,1,1,1,1,1,1]","1[11,4,1,1,1,1,1,1]","1[11,3,2,1,1,1,1,1]","3[11,3,1,1,1,1,1,1,1]","1[11,2,2,1,1,1,1,1,1]","3[11,2,1,1,1,1,1,1,1,1]","2[11,1,1,1,1,1,1,1,1,1,1]","1[10,5,2,1,1,1,1]","1[10,5,1,1,1,1,1,1]","1[10,4,3,1,1,1,1]","1[10,4,2,2,1,1,1]","4[10,4,2,1,1,1,1,1]","3[10,4,1,1,1,1,1,1,1]","1[10,3,3,1,1,1,1,1]","1[10,3,2,2,1,1,1,1]","4[10,3,2,1,1,1,1,1,1]","3[10,3,1,1,1,1,1,1,1,1]","1[10,2,2,1,1,1,1,1,1,1]","1[10,2,1,1,1,1,1,1,1,1,1]","1[9,6,2,2,1,1]","1[9,6,2,1,1,1,1]","1[9,5,4,1,1,1]","1[9,5,3,2,1,1]","2[9,5,3,1,1,1,1]","1[9,5,2,2,2,1]","4[9,5,2,2,1,1,1]","4[9,5,2,1,1,1,1,1]","1[9,5,1,1,1,1,1,1,1]","1[9,4,4,2,1,1]","3[9,4,4,1,1,1,1]","2[9,4,3,2,1,1,1]","4[9,4,3,1,1,1,1,1]","1[9,4,2,2,2,1,1]","4[9,4,2,2,1,1,1,1]","4[9,4,2,1,1,1,1,1,1]","1[9,4,1,1,1,1,1,1,1,1]","1[9,3,3,2,1,1,1,1]","1[9,3,3,1,1,1,1,1,1]","1[9,3,2,2,1,1,1,1,1]","1[9,3,2,1,1,1,1,1,1,1]","1[8,7,2,2,2]","1[8,7,2,2,1,1]","1[8,6,4,2,1]","1[8,6,4,1,1,1]","1[8,6,3,2,2]","2[8,6,3,2,1,1]","1[8,6,3,1,1,1,1]","4[8,6,2,2,2,1]","4[8,6,2,2,1,1,1]","1[8,6,2,1,1,1,1,1]","1[8,5,5,2,1]","1[8,5,5,1,1,1]","1[8,5,4,3,1]","1[8,5,4,2,2]","5[8,5,4,2,1,1]","4[8,5,4,1,1,1,1]","1[8,5,3,3,1,1]","2[8,5,3,2,2,1]","5[8,5,3,2,1,1,1]","2[8,5,3,1,1,1,1,1]","1[8,5,2,2,2,2]","4[8,5,2,2,2,1,1]","4[8,5,2,2,1,1,1,1]","1[8,5,2,1,1,1,1,1,1]","1[8,4,4,3,1,1]","1[8,4,4,2,2,1]","4[8,4,4,2,1,1,1]","3[8,4,4,1,1,1,1,1]","1[8,4,3,3,1,1,1]","1[8,4,3,2,2,1,1]","2[8,4,3,2,1,1,1,1]","1[8,4,3,1,1,1,1,1,1]","1[8,4,2,2,2,1,1,1]","1[8,4,2,2,1,1,1,1,1]","1[7,7,4,2,1]","1[7,7,3,2,2]","1[7,7,3,2,1,1]","3[7,7,2,2,2,1]","1[7,7,2,2,1,1,1]","1[7,6,5,3]","2[7,6,5,2,1]","1[7,6,5,1,1,1]","2[7,6,4,3,1]","4[7,6,4,2,2]","5[7,6,4,2,1,1]","1[7,6,4,1,1,1,1]","1[7,6,3,3,2]","1[7,6,3,3,1,1]","5[7,6,3,2,2,1]","2[7,6,3,2,1,1,1]","3[7,6,2,2,2,2]","4[7,6,2,2,2,1,1]","1[7,6,2,2,1,1,1,1]","1[7,5,5,4]","4[7,5,5,3,1]","2[7,5,5,2,2]","4[7,5,5,2,1,1]","1[7,5,5,1,1,1,1]","1[7,5,4,4,1]","2[7,5,4,3,2]","5[7,5,4,3,1,1]","5[7,5,4,2,2,1]","5[7,5,4,2,1,1,1]","1[7,5,4,1,1,1,1,1]","1[7,5,3,3,2,1]","1[7,5,3,3,1,1,1]","1[7,5,3,2,2,2]","2[7,5,3,2,2,1,1]","1[7,5,3,2,1,1,1,1]","1[7,5,2,2,2,2,1]","1[7,5,2,2,2,1,1,1]","1[7,4,4,3,2,1]","1[7,4,4,3,1,1,1]","1[7,4,4,2,2,1,1]","1[7,4,4,2,1,1,1,1]","1[6,6,6,2,1]","1[6,6,5,4]","4[6,6,5,3,1]","3[6,6,5,2,2]","2[6,6,5,2,1,1]","1[6,6,4,4,1]","4[6,6,4,3,2]","2[6,6,4,3,1,1]","4[6,6,4,2,2,1]","1[6,6,4,2,1,1,1]","1[6,6,3,3,2,1]","1[6,6,3,2,2,2]","1[6,6,3,2,2,1,1]","1[6,6,2,2,2,2,1]","2[6,5,5,5]","4[6,5,5,4,1]","4[6,5,5,3,2]","4[6,5,5,3,1,1]","2[6,5,5,2,2,1]","1[6,5,5,2,1,1,1]","1[6,5,4,4,2]","1[6,5,4,4,1,1]","1[6,5,4,3,3]","2[6,5,4,3,2,1]","1[6,5,4,3,1,1,1]","1[6,5,4,2,2,2]","1[6,5,4,2,2,1,1]","2[5,5,5,5,1]","1[5,5,5,4,2]","1[5,5,5,4,1,1]","1[5,5,5,3,2,1]","1[12,1,1,1,1,1,1,1,1,1,1]","1[11,3,1,1,1,1,1,1,1,1]","1[10,4,2,1,1,1,1,1,1]","1[9,5,2,2,1,1,1,1]","1[9,4,4,1,1,1,1,1]","1[8,6,2,2,2,1,1]","1[8,5,4,2,1,1,1]","1[7,7,2,2,2,2]","1[7,6,4,2,2,1]","1[7,5,5,3,1,1]","1[6,6,5,3,2]","1[6,5,5,5,1]"
